[
  { "name": "C", "variations": [[0, 2, 0, 1, 2], [0, 5, 5, 5, 5]] },
  { "name": "Cm", "variations": [[0, 1, 0, 1, 1], [0, 5, 5, 4, 5]] },
  { "name": "Cmaj7", "variations": [[0, 2, 1, 2, 2], [10, 9, 8, 9, 12]] },
  { "name": "Cm7", "variations": [[0, 1, 1, 3, 2], [10, 8, 8, 11, 12]] },
  { "name": "Cm6", "variations": [[0, 1, 1, 0, 1], [10, 8, 8, 10, 11]] },
  { "name": "Cm9", "variations": [[0, 1, 3, 3, 2], [10, 8, 10, 11, 12]] },
  { "name": "Cdim", "variations": [[0, 1, 0, 1, 2], [10, 8, 7, 10, 11]] },
  { "name": "Caug", "variations": [[0, 2, 1, 1, 2], [10, 9, 9, 10, 12]] },
  { "name": "Csus2", "variations": [[0, 0, 1, 0, 2], [10, 7, 8, 10, 12]] },
  { "name": "Csus4", "variations": [[0, 3, 1, 0, 2], [10, 10, 8, 10, 12]] },
  { "name": "C5", "variations": [[0, 2, 0, 0, 2], [10, 9, 8, 8, 12]] },
  { "name": "C6", "variations": [[0, 2, 2, 0, 2], [10, 9, 10, 10, 12]] },
  { "name": "Cmaj9", "variations": [[0, 2, 3, 2, 2], [10, 9, 10, 9, 12]] },
  { "name": "Cmaj13", "variations": [[0, 2, 3, 0, 2], [10, 9, 10, 10, 12]] },
  { "name": "C11", "variations": [[0, 3, 1, 3, 2], [10, 10, 8, 11, 12]] },
  { "name": "C#", "variations": [[1, 3, 2, 1, 3], [11, 10, 9, 11, 13]] },
  { "name": "C#m", "variations": [[1, 2, 2, 1, 3], [11, 9, 9, 11, 13]] },
  { "name": "C#7", "variations": [[1, 3, 2, 4, 3], [11, 10, 9, 12, 13]] },
  { "name": "C#maj7", "variations": [[1, 3, 2, 3, 3], [11, 10, 9, 10, 13]] },
  { "name": "C#m7", "variations": [[1, 2, 2, 4, 3], [11, 9, 9, 12, 13]] },
  { "name": "C#m6", "variations": [[1, 2, 2, 1, 2], [11, 9, 9, 11, 12]] },
  { "name": "C#m9", "variations": [[1, 2, 4, 4, 3], [11, 9, 11, 12, 13]] },
  { "name": "C#dim", "variations": [[1, 2, 1, 2, 3], [11, 9, 8, 11, 12]] },
  { "name": "C#aug", "variations": [[1, 3, 2, 2, 3], [11, 10, 10, 11, 13]] },
  { "name": "C#sus2", "variations": [[1, 1, 2, 1, 3], [11, 8, 9, 11, 13]] },
  { "name": "C#sus4", "variations": [[1, 4, 2, 1, 3], [11, 11, 9, 11, 13]] },
  { "name": "C#5", "variations": [[1, 3, 1, 1, 3], [11, 10, 9, 9, 13]] },
  { "name": "C#6", "variations": [[1, 3, 3, 1, 3], [11, 10, 11, 11, 13]] },
  { "name": "C#maj9", "variations": [[1, 3, 4, 3, 3], [11, 10, 11, 10, 13]] },
  { "name": "C#maj13", "variations": [[1, 3, 4, 1, 3], [11, 10, 11, 11, 13]] },
  { "name": "C#11", "variations": [[1, 4, 2, 4, 3], [11, 11, 9, 12, 13]] },

  { "name": "D", "variations": [[2, 4, 3, 2, 4], [12, 11, 10, 12, 14]] },
  { "name": "Dm", "variations": [[2, 3, 3, 2, 4], [12, 10, 10, 12, 14]] },
  { "name": "D7", "variations": [[2, 4, 3, 5, 4], [12, 11, 10, 13, 14]] },
  { "name": "Dmaj7", "variations": [[2, 4, 3, 4, 4], [12, 11, 10, 11, 14]] },
  { "name": "Dm7", "variations": [[2, 3, 3, 5, 4], [12, 10, 10, 13, 14]] },
  { "name": "Dm6", "variations": [[2, 3, 3, 2, 3], [12, 10, 10, 12, 13]] },
  { "name": "Dm9", "variations": [[2, 3, 5, 5, 4], [12, 10, 12, 13, 14]] },
  { "name": "Ddim", "variations": [[2, 3, 2, 3, 4], [12, 10, 9, 12, 13]] },
  { "name": "Daug", "variations": [[2, 4, 3, 3, 4], [12, 11, 11, 12, 14]] },
  { "name": "Dsus2", "variations": [[2, 2, 3, 2, 4], [12, 9, 10, 12, 14]] },
  { "name": "Dsus4", "variations": [[2, 5, 3, 2, 4], [12, 12, 10, 12, 14]] },
  { "name": "D5", "variations": [[2, 4, 2, 2, 4], [12, 11, 10, 10, 14]] },
  { "name": "D6", "variations": [[2, 4, 4, 2, 4], [12, 11, 12, 12, 14]] },
  { "name": "Dmaj9", "variations": [[2, 4, 5, 4, 4], [12, 11, 12, 11, 14]] },
  { "name": "Dmaj13", "variations": [[2, 4, 5, 2, 4], [12, 11, 12, 12, 14]] },
  { "name": "D11", "variations": [[2, 5, 3, 5, 4], [12, 12, 10, 13, 14]] },

  { "name": "Eb", "variations": [[3, 5, 4, 3, 5], [13, 12, 11, 13, 15]] },
  { "name": "Ebm", "variations": [[3, 4, 4, 3, 5], [13, 11, 11, 13, 15]] },
  { "name": "Eb7", "variations": [[3, 5, 4, 6, 5], [13, 12, 11, 14, 15]] },
  { "name": "Ebmaj7", "variations": [[3, 5, 4, 5, 5], [13, 12, 11, 12, 15]] },
  { "name": "Ebm7", "variations": [[3, 4, 4, 6, 5], [13, 11, 11, 14, 15]] },
  { "name": "Ebm6", "variations": [[3, 4, 4, 3, 4], [13, 11, 11, 13, 14]] },
  { "name": "Ebm9", "variations": [[3, 4, 6, 6, 5], [13, 11, 13, 14, 15]] },
  { "name": "Ebdim", "variations": [[3, 4, 3, 4, 5], [13, 11, 10, 13, 14]] },
  { "name": "Ebaug", "variations": [[3, 5, 4, 4, 5], [13, 12, 12, 13, 15]] },
  { "name": "Ebsus2", "variations": [[3, 3, 4, 3, 5], [13, 10, 11, 13, 15]] },
  { "name": "Ebsus4", "variations": [[3, 6, 4, 3, 5], [13, 13, 11, 13, 15]] },
  { "name": "Eb5", "variations": [[3, 5, 3, 3, 5], [13, 12, 11, 11, 15]] },
  { "name": "Eb6", "variations": [[3, 5, 5, 3, 5], [13, 12, 13, 13, 15]] },
  { "name": "Ebmaj9", "variations": [[3, 5, 6, 5, 5], [13, 12, 13, 12, 15]] },
  { "name": "Ebmaj13", "variations": [[3, 5, 6, 3, 5], [13, 12, 13, 13, 15]] },
  { "name": "Eb11", "variations": [[3, 6, 4, 6, 5], [13, 13, 11, 14, 15]] },
  { "name": "E", "variations": [[4, 6, 5, 4, 6], [14, 13, 12, 14, 16]] },
  { "name": "Em", "variations": [[4, 5, 5, 4, 6], [14, 12, 12, 14, 16]] },
  { "name": "E7", "variations": [[4, 6, 5, 7, 6], [14, 13, 12, 15, 16]] },
  { "name": "Emaj7", "variations": [[4, 6, 5, 6, 6], [14, 13, 12, 13, 16]] },
  { "name": "Em7", "variations": [[4, 5, 5, 7, 6], [14, 12, 12, 15, 16]] },
  { "name": "Em6", "variations": [[4, 5, 5, 4, 5], [14, 12, 12, 14, 15]] },
  { "name": "Em9", "variations": [[4, 5, 7, 7, 6], [14, 12, 14, 15, 16]] },
  { "name": "Edim", "variations": [[4, 5, 4, 5, 6], [14, 12, 11, 14, 15]] },
  { "name": "Eaug", "variations": [[4, 6, 5, 5, 6], [14, 13, 13, 14, 16]] },
  { "name": "Esus2", "variations": [[4, 4, 5, 4, 6], [14, 11, 12, 14, 16]] },
  { "name": "Esus4", "variations": [[4, 7, 5, 4, 6], [14, 14, 12, 14, 16]] },
  { "name": "E5", "variations": [[4, 6, 4, 4, 6], [14, 13, 12, 12, 16]] },
  { "name": "E6", "variations": [[4, 6, 6, 4, 6], [14, 13, 14, 14, 16]] },
  { "name": "Emaj9", "variations": [[4, 6, 7, 6, 6], [14, 13, 14, 13, 16]] },
  { "name": "Emaj13", "variations": [[4, 6, 7, 4, 6], [14, 13, 14, 14, 16]] },
  { "name": "E11", "variations": [[4, 7, 5, 7, 6], [14, 14, 12, 15, 16]] },

  { "name": "F", "variations": [[5, 7, 6, 5, 7], [15, 14, 13, 15, 17]] },
  { "name": "Fm", "variations": [[5, 6, 6, 5, 7], [15, 13, 13, 15, 17]] },
  { "name": "F7", "variations": [[5, 7, 6, 8, 7], [15, 14, 13, 16, 17]] },
  { "name": "Fmaj7", "variations": [[5, 7, 6, 7, 7], [15, 14, 13, 14, 17]] },
  { "name": "Fm7", "variations": [[5, 6, 6, 8, 7], [15, 13, 13, 16, 17]] },
  { "name": "Fm6", "variations": [[5, 6, 6, 5, 6], [15, 13, 13, 15, 16]] },
  { "name": "Fm9", "variations": [[5, 6, 8, 8, 7], [15, 13, 15, 16, 17]] },
  { "name": "Fdim", "variations": [[5, 6, 5, 6, 7], [15, 13, 12, 15, 16]] },
  { "name": "Faug", "variations": [[5, 7, 6, 6, 7], [15, 14, 14, 15, 17]] },
  { "name": "Fsus2", "variations": [[5, 5, 6, 5, 7], [15, 12, 13, 15, 17]] },
  { "name": "Fsus4", "variations": [[5, 8, 6, 5, 7], [15, 15, 13, 15, 17]] },
  { "name": "F5", "variations": [[5, 7, 5, 5, 7], [15, 14, 13, 13, 17]] },
  { "name": "F6", "variations": [[5, 7, 7, 5, 7], [15, 14, 15, 15, 17]] },
  { "name": "Fmaj9", "variations": [[5, 7, 8, 7, 7], [15, 14, 15, 14, 17]] },
  { "name": "Fmaj13", "variations": [[5, 7, 8, 5, 7], [15, 14, 15, 15, 17]] },
  { "name": "F11", "variations": [[5, 8, 6, 8, 7], [15, 15, 13, 16, 17]] },

  { "name": "F#", "variations": [[6, 8, 7, 6, 8], [16, 15, 14, 16, 18]] },
  { "name": "F#m", "variations": [[6, 7, 7, 6, 8], [16, 14, 14, 16, 18]] },
  { "name": "F#7", "variations": [[6, 8, 7, 9, 8], [16, 15, 14, 17, 18]] },
  { "name": "F#maj7", "variations": [[6, 8, 7, 8, 8], [16, 15, 14, 15, 18]] },
  { "name": "F#m7", "variations": [[6, 7, 7, 9, 8], [16, 14, 14, 17, 18]] },
  { "name": "F#m6", "variations": [[6, 7, 7, 6, 7], [16, 14, 14, 16, 17]] },
  { "name": "F#m9", "variations": [[6, 7, 9, 9, 8], [16, 14, 16, 17, 18]] },
  { "name": "F#dim", "variations": [[6, 7, 6, 7, 8], [16, 14, 13, 16, 17]] },
  { "name": "F#aug", "variations": [[6, 8, 7, 7, 8], [16, 15, 15, 16, 18]] },
  { "name": "F#sus2", "variations": [[6, 6, 7, 6, 8], [16, 13, 14, 16, 18]] },
  { "name": "F#sus4", "variations": [[6, 9, 7, 6, 8], [16, 16, 14, 16, 18]] },
  { "name": "F#5", "variations": [[6, 8, 6, 6, 8], [16, 15, 14, 14, 18]] },
  { "name": "F#6", "variations": [[6, 8, 8, 6, 8], [16, 15, 16, 16, 18]] },
  { "name": "F#maj9", "variations": [[6, 8, 9, 8, 8], [16, 15, 16, 15, 18]] },
  { "name": "F#maj13", "variations": [[6, 8, 9, 6, 8], [16, 15, 16, 16, 18]] },
  { "name": "F#11", "variations": [[6, 9, 7, 9, 8], [16, 16, 14, 17, 18]] },
    { "name": "G", "variations": [[0, 0, 0, 0, 0], [5, 4, 3, 5, 7]] },
    { "name": "Gm", "variations": [[0, 0, 3, 3, 0], [5, 3, 3, 5, 7]] },
    { "name": "G7", "variations": [[0, 0, 0, 3, 0], [5, 4, 3, 6, 7]] },
    { "name": "Gmaj7", "variations": [[0, 0, 0, 2, 0], [5, 4, 3, 4, 7]] },
    { "name": "Gm7", "variations": [[0, 0, 3, 3, 3], [5, 3, 3, 6, 7]] },
    { "name": "Gm6", "variations": [[0, 0, 3, 2, 0], [5, 3, 3, 5, 6]] },
    { "name": "Gm9", "variations": [[0, 0, 5, 3, 3], [5, 3, 5, 6, 7]] },
    { "name": "Gdim", "variations": [[0, 0, 3, 2, 3], [5, 3, 2, 5, 6]] },
    { "name": "Gaug", "variations": [[0, 0, 0, 1, 0], [5, 4, 4, 5, 7]] },
    { "name": "Gsus2", "variations": [[0, 0, 0, 0, 2], [5, 2, 3, 5, 7]] },
    { "name": "Gsus4", "variations": [[0, 0, 0, 1, 0], [5, 5, 3, 5, 7]] },
    { "name": "G5", "variations": [[0, 0, 0, 0, 5], [5, 4, 3, 3, 7]] },
    { "name": "G6", "variations": [[0, 0, 0, 0, 2], [5, 4, 5, 5, 7]] },
    { "name": "Gmaj9", "variations": [[0, 0, 5, 2, 0], [5, 4, 5, 4, 7]] },
    { "name": "Gmaj13", "variations": [[0, 0, 5, 0, 2], [5, 4, 5, 5, 7]] },
    { "name": "G11", "variations": [[0, 0, 3, 3, 3], [5, 5, 3, 6, 7]] },

    { "name": "Ab", "variations": [[1, 1, 1, 1, 1], [6, 5, 4, 6, 8]] },
    { "name": "Abm", "variations": [[1, 1, 4, 4, 1], [6, 4, 4, 6, 8]] },
    { "name": "Ab7", "variations": [[1, 1, 1, 4, 1], [6, 5, 4, 7, 8]] },
    { "name": "Abmaj7", "variations": [[1, 1, 1, 3, 1], [6, 5, 4, 5, 8]] },
    { "name": "Abm7", "variations": [[1, 1, 4, 4, 4], [6, 4, 4, 7, 8]] },
    { "name": "Abm6", "variations": [[1, 1, 4, 3, 1], [6, 4, 4, 6, 7]] },
    { "name": "Abm9", "variations": [[1, 1, 6, 4, 4], [6, 4, 6, 7, 8]] },
    { "name": "Abdim", "variations": [[1, 1, 4, 3, 4], [6, 4, 3, 6, 7]] },
    { "name": "Abaug", "variations": [[1, 1, 1, 2, 1], [6, 5, 5, 6, 8]] },
    { "name": "Absus2", "variations": [[1, 1, 1, 1, 3], [6, 3, 4, 6, 8]] },
    { "name": "Absus4", "variations": [[1, 1, 1, 2, 1], [6, 6, 4, 6, 8]] },
    { "name": "Ab5", "variations": [[1, 1, 1, 1, 6], [6, 5, 4, 4, 8]] },
    { "name": "Ab6", "variations": [[1, 1, 1, 1, 3], [6, 5, 6, 6, 8]] },
    { "name": "Abmaj9", "variations": [[1, 1, 6, 3, 1], [6, 5, 6, 5, 8]] },
    { "name": "Abmaj13", "variations": [[1, 1, 6, 1, 3], [6, 5, 6, 6, 8]] },
    { "name": "Ab11", "variations": [[1, 1, 4, 4, 4], [6, 6, 4, 7, 8]] },

    { "name": "A", "variations": [[2, 2, 2, 2, 2], [7, 6, 5, 7, 9]] },
    { "name": "Am", "variations": [[2, 2, 5, 5, 2], [7, 5, 5, 7, 9]] },
    { "name": "A7", "variations": [[2, 2, 2, 5, 2], [7, 6, 5, 8, 9]] },
    { "name": "Amaj7", "variations": [[2, 2, 2, 4, 2], [7, 6, 5, 6, 9]] },
    { "name": "Am7", "variations": [[2, 2, 5, 5, 5], [7, 5, 5, 8, 9]] },
    { "name": "Am6", "variations": [[2, 2, 5, 4, 2], [7, 5, 5, 7, 8]] },
    { "name": "Am9", "variations": [[2, 2, 7, 5, 5], [7, 5, 7, 8, 9]] },
    { "name": "Adim", "variations": [[2, 2, 5, 4, 5], [7, 5, 4, 7, 8]] },
    { "name": "Aaug", "variations": [[2, 2, 2, 3, 2], [7, 6, 6, 7, 9]] },
    { "name": "Asus2", "variations": [[2, 2, 2, 2, 4], [7, 4, 5, 7, 9]] },
    { "name": "Asus4", "variations": [[2, 2, 2, 3, 2], [7, 7, 5, 7, 9]] },
    { "name": "A5", "variations": [[2, 2, 2, 2, 7], [7, 6, 5, 5, 9]] },
    { "name": "A6", "variations": [[2, 2, 2, 2, 4], [7, 6, 7, 7, 9]] },
    { "name": "Amaj9", "variations": [[2, 2, 7, 4, 2], [7, 6, 7, 6, 9]] },
    { "name": "Amaj13", "variations": [[2, 2, 7, 2, 4], [7, 6, 7, 7, 9]] },
    { "name": "A11", "variations": [[2, 2, 5, 5, 5], [7, 7, 5, 8, 9]] },
    
    { "name": "Bb", "variations": [[3, 3, 3, 3, 3], [8, 7, 6, 8, 10]] },
    { "name": "Bbm", "variations": [[3, 3, 6, 6, 3], [8, 6, 6, 8, 10]] },
    { "name": "Bb7", "variations": [[3, 3, 3, 6, 3], [8, 7, 6, 9, 10]] },
    { "name": "Bbmaj7", "variations": [[3, 3, 3, 5, 3], [8, 7, 6, 7, 10]] },
    { "name": "Bbm7", "variations": [[3, 3, 6, 6, 6], [8, 6, 6, 9, 10]] },
    { "name": "Bbm6", "variations": [[3, 3, 6, 5, 3], [8, 6, 6, 8, 9]] },
    { "name": "Bbm9", "variations": [[3, 3, 8, 6, 6], [8, 6, 8, 9, 10]] },
    { "name": "Bbdim", "variations": [[3, 3, 6, 5, 6], [8, 6, 5, 8, 9]] },
    { "name": "Bbaug", "variations": [[3, 3, 3, 4, 3], [8, 7, 7, 8, 10]] },
    { "name": "Bbsus2", "variations": [[3, 3, 3, 3, 5], [8, 5, 6, 8, 10]] },
    { "name": "Bbsus4", "variations": [[3, 3, 3, 4, 3], [8, 8, 6, 8, 10]] },
    { "name": "Bb5", "variations": [[3, 3, 3, 3, 8], [8, 7, 6, 6, 10]] },
    { "name": "Bb6", "variations": [[3, 3, 3, 3, 5], [8, 7, 8, 8, 10]] },
    { "name": "Bbmaj9", "variations": [[3, 3, 8, 5, 3], [8, 7, 8, 7, 10]] },
    { "name": "Bbmaj13", "variations": [[3, 3, 8, 3, 5], [8, 7, 8, 8, 10]] },
    { "name": "Bb11", "variations": [[3, 3, 6, 6, 6], [8, 8, 6, 9, 10]] },

    { "name": "B", "variations": [[4, 4, 4, 4, 4], [9, 8, 7, 9, 11]] },
    { "name": "Bm", "variations": [[4, 4, 7, 7, 4], [9, 7, 7, 9, 11]] },
    { "name": "B7", "variations": [[4, 4, 4, 7, 4], [9, 8, 7, 10, 11]] },
    { "name": "Bmaj7", "variations": [[4, 4, 4, 6, 4], [9, 8, 7, 8, 11]] },
    { "name": "Bm7", "variations": [[4, 4, 7, 7, 7], [9, 7, 7, 10, 11]] },
    { "name": "Bm6", "variations": [[4, 4, 7, 6, 4], [9, 7, 7, 9, 10]] },
    { "name": "Bm9", "variations": [[4, 4, 9, 7, 7], [9, 7, 9, 10, 11]] },
    { "name": "Bdim", "variations": [[4, 4, 7, 6, 7], [9, 7, 6, 9, 10]] },
    { "name": "Baug", "variations": [[4, 4, 4, 5, 4], [9, 8, 8, 9, 11]] },
    { "name": "Bsus2", "variations": [[4, 4, 4, 4, 6], [9, 6, 7, 9, 11]] },
    { "name": "Bsus4", "variations": [[4, 4, 4, 5, 4], [9, 9, 7, 9, 11]] },
    { "name": "B5", "variations": [[4, 4, 4, 4, 9], [9, 8, 7, 7, 11]] },
    { "name": "B6", "variations": [[4, 4, 4, 4, 6], [9, 8, 9, 9, 11]] },
    { "name": "Bmaj9", "variations": [[4, 4, 9, 6, 4], [9, 8, 9, 8, 11]] },
    { "name": "Bmaj13", "variations": [[4, 4, 9, 4, 6], [9, 8, 9, 9, 11]] },
    { "name": "B11", "variations": [[4, 4, 7, 7, 7], [9, 9, 7, 10, 11]] }
]
      