[
    { "name": "C", "variations": [[2, 0, 1, 0], [5, 5, 5, 8]] },
    { "name": "Cm", "variations": [[1, 0, 1, 3], [5, 5, 4, 8]] },
    { "name": "C7", "variations": [[2, 3, 1, 0], [5, 5, 5, 6]] },
    { "name": "Cmaj7", "variations": [[2, 0, 0, 0], [5, 5, 5, 7]] },
    { "name": "Cm7", "variations": [[1, 3, 1, 3], [5, 5, 4, 6]] },
    { "name": "Cm6", "variations": [[1, 2, 1, 3], [5, 4, 4, 8]] },
    { "name": "Cm9", "variations": [[0, 3, 5, 3], [5, 5, 4, 6]] },
    { "name": "Cdim", "variations": [[1, 2, 1, 2], [5, 4, 4, 7]] },
    { "name": "Caug", "variations": [[2, 1, 1, 0], [5, 5, 5, 9]] },
    { "name": "Csus2", "variations": [[0, 0, 3, 3], [5, 2, 5, 8]] },
    { "name": "Csus4", "variations": [[0, 0, 1, 3], [5, 5, 5, 10]] },
    { "name": "C5", "variations": [[0, 0, 3, 0], [5, 5, 8, 8]] },
    { "name": "C6", "variations": [[2, 2, 1, 3], [5, 5, 5, 5]] },
    { "name": "C9", "variations": [[2, 3, 3, 3], [5, 5, 7, 7]] },
    { "name": "Cmaj13", "variations": [[0, 2, 0, 0], [5, 7, 5, 5]] },
    { "name": "C11", "variations": [[0, 3, 3, 1], [5, 5, 5, 6]] },

    { "name": "C#", "variations": [[3, 1, 2, 1], [6, 6, 6, 9]] },
    { "name": "C#m", "variations": [[2, 1, 2, 0], [6, 6, 5, 9]] },
    { "name": "C#7", "variations": [[3, 4, 2, 4], [6, 6, 6, 7]] },
    { "name": "C#maj7", "variations": [[3, 1, 1, 1], [6, 6, 6, 8]] },
    { "name": "C#m7", "variations": [[1, 4, 1, 4], [6, 6, 5, 7]] },
    { "name": "C#m6", "variations": [[2, 3, 2, 4], [6, 5, 5, 9]] },
    { "name": "C#m9", "variations": [[1, 4, 6, 4], [6, 6, 5, 7]] },
    { "name": "C#dim", "variations": [[2, 3, 2, 3], [6, 5, 5, 8]] },
    { "name": "C#aug", "variations": [[3, 2, 2, 1], [6, 6, 6, 10]] },
    { "name": "C#sus2", "variations": [[1, 1, 4, 4], [6, 3, 6, 9]] },
    { "name": "C#sus4", "variations": [[1, 1, 2, 4], [6, 6, 6, 11]] },
    { "name": "C#5", "variations": [[1, 1, 4, 1], [6, 6, 9, 9]] },
    { "name": "C#6", "variations": [[3, 3, 2, 4], [6, 6, 6, 6]] },
    { "name": "C#maj9", "variations": [[3, 4, 4, 4], [6, 6, 8, 8]] },
    { "name": "C#maj13", "variations": [[1, 3, 1, 1], [6, 8, 6, 6]] },
    { "name": "C#11", "variations": [[1, 4, 4, 2], [6, 6, 6, 7]] },

    { "name": "D", "variations": [[0, 2, 3, 2], [7, 7, 7, 10]] },
    { "name": "Dm", "variations": [[2, 2, 1, 0], [7, 7, 6, 10]] },
    { "name": "D7", "variations": [[2, 2, 2, 3], [7, 7, 7, 8]] },
    { "name": "Dmaj7", "variations": [[2, 2, 2, 4], [7, 7, 7, 9]] },
    { "name": "Dm7", "variations": [[2, 2, 1, 3], [7, 7, 6, 8]] },
    { "name": "Dm6", "variations": [[2, 2, 0, 0], [7, 6, 6, 10]] },
    { "name": "Dm9", "variations": [[2, 2, 5, 3], [7, 7, 6, 8]] },
    { "name": "Ddim", "variations": [[2, 2, 1, 1], [7, 6, 6, 9]] },
    { "name": "Daug", "variations": [[2, 2, 2, 5], [7, 7, 7, 11]] },
    { "name": "Dsus2", "variations": [[2, 2, 0, 0], [7, 4, 7, 10]] },
    { "name": "Dsus4", "variations": [[2, 2, 3, 0], [7, 7, 7, 12]] },
    { "name": "D5", "variations": [[2, 2, 5, 2], [7, 7, 10, 10]] },
    { "name": "D6", "variations": [[2, 2, 2, 2], [7, 7, 7, 7]] },
    { "name": "Dmaj9", "variations": [[2, 4, 2, 4], [7, 7, 9, 9]] },
    { "name": "Dmaj13", "variations": [[2, 4, 2, 2], [7, 9, 7, 7]] },
    { "name": "D11", "variations": [[2, 2, 5, 3], [7, 7, 7, 8]] },

    { "name": "Eb", "variations": [[3, 3, 3, 1], [8, 8, 8, 11]] },
    { "name": "Ebm", "variations": [[3, 3, 2, 1], [8, 8, 7, 11]] },
    { "name": "Eb7", "variations": [[3, 3, 3, 4], [8, 8, 8, 9]] },
    { "name": "Ebmaj7", "variations": [[3, 3, 3, 5], [8, 8, 8, 10]] },
    { "name": "Ebm7", "variations": [[3, 3, 2, 4], [8, 8, 7, 9]] },
    { "name": "Ebm6", "variations": [[3, 3, 1, 1], [8, 7, 7, 11]] },
    { "name": "Ebm9", "variations": [[3, 3, 6, 4], [8, 8, 7, 9]] },
    { "name": "Ebdim", "variations": [[3, 3, 2, 2], [8, 7, 7, 10]] },
    { "name": "Ebaug", "variations": [[3, 3, 3, 6], [8, 8, 8, 12]] },
    { "name": "Ebsus2", "variations": [[3, 3, 1, 1], [8, 5, 8, 11]] },
    { "name": "Ebsus4", "variations": [[3, 3, 4, 1], [8, 8, 8, 13]] },
    { "name": "Eb5", "variations": [[3, 3, 6, 3], [8, 8, 11, 11]] },
    { "name": "Eb6", "variations": [[3, 3, 3, 3], [8, 8, 8, 8]] },
    { "name": "Ebmaj9", "variations": [[3, 5, 3, 5], [8, 8, 10, 10]] },
    { "name": "Ebmaj13", "variations": [[3, 5, 3, 3], [8, 10, 8, 8]] },
    { "name": "Eb11", "variations": [[3, 3, 6, 4], [8, 8, 8, 9]] },

    { "name": "E", "variations": [[2, 1, 0, 0], [9, 9, 9, 12]] },
    { "name": "Em", "variations": [[4, 4, 3, 2], [9, 9, 8, 12]] },
    { "name": "E7", "variations": [[4, 4, 4, 5], [9, 9, 9, 10]] },
    { "name": "Emaj7", "variations": [[4, 4, 4, 6], [9, 9, 9, 11]] },
    { "name": "Em7", "variations": [[4, 4, 3, 5], [9, 9, 8, 10]] },
    { "name": "Em6", "variations": [[4, 4, 2, 2], [9, 8, 8, 12]] },
    { "name": "Em9", "variations": [[4, 4, 7, 5], [9, 9, 8, 10]] },
    { "name": "Edim", "variations": [[4, 4, 3, 3], [9, 8, 8, 11]] },
    { "name": "Eaug", "variations": [[4, 4, 4, 7], [9, 9, 9, 13]] },
    { "name": "Esus2", "variations": [[4, 4, 2, 2], [9, 6, 9, 12]] },
    { "name": "Esus4", "variations": [[4, 4, 5, 2], [9, 9, 9, 14]] },
    { "name": "E5", "variations": [[4, 4, 7, 4], [9, 9, 12, 12]] },
    { "name": "E6", "variations": [[4, 4, 4, 4], [9, 9, 9, 9]] },
    { "name": "Emaj9", "variations": [[4, 6, 4, 6], [9, 9, 11, 11]] },
    { "name": "Emaj13", "variations": [[4, 6, 4, 4], [9, 11, 9, 9]] },
    { "name": "E11", "variations": [[4, 4, 7, 5], [9, 9, 9, 10]] },

    { "name": "F", "variations": [[3, 2, 1, 1], [5, 5, 6, 5]] },
    { "name": "Fm", "variations": [[1, 1, 1, 3], [5, 5, 4, 5]] },
    { "name": "F7", "variations": [[0, 0, 1, 1], [5, 5, 6, 6]] },
    { "name": "Fmaj7", "variations": [[0, 0, 1, 2], [5, 5, 6, 7]] },
    { "name": "Fm7", "variations": [[1, 1, 1, 4], [5, 5, 4, 6]] },
    { "name": "Fm6", "variations": [[1, 1, 0, 1], [5, 4, 4, 5]] },
    { "name": "Fm9", "variations": [[1, 1, 4, 3], [5, 5, 4, 6]] },
    { "name": "Fdim", "variations": [[1, 1, 0, 0], [5, 4, 4, 6]] },
    { "name": "Faug", "variations": [[0, 0, 1, 4], [5, 5, 6, 8]] },
    { "name": "Fsus2", "variations": [[0, 0, 3, 0], [5, 3, 6, 5]] },
    { "name": "Fsus4", "variations": [[0, 0, 3, 3], [5, 5, 6, 8]] },
    { "name": "F5", "variations": [[0, 0, 3, 3], [5, 5, 8, 8]] },
    { "name": "F6", "variations": [[0, 0, 2, 2], [5, 5, 6, 6]] },
    { "name": "Fmaj9", "variations": [[0, 2, 1, 2], [5, 7, 6, 7]] },
    { "name": "Fmaj13", "variations": [[0, 2, 0, 0], [5, 7, 5, 5]] },
    { "name": "F11", "variations": [[0, 3, 1, 1], [5, 5, 6, 6]] },      
    { "name": "F#", "variations": [[1, 1, 2, 1], [6, 6, 7, 6]] },
    { "name": "F#m", "variations": [[2, 2, 2, 4], [6, 6, 5, 6]] },
    { "name": "F#7", "variations": [[1, 1, 2, 2], [6, 6, 7, 7]] },
    { "name": "F#maj7", "variations": [[1, 1, 2, 3], [6, 6, 7, 8]] },
    { "name": "F#m7", "variations": [[2, 2, 2, 5], [6, 6, 5, 7]] },
    { "name": "F#m6", "variations": [[2, 2, 1, 2], [6, 5, 5, 6]] },
    { "name": "F#m9", "variations": [[2, 2, 5, 4], [6, 6, 5, 7]] },
    { "name": "F#dim", "variations": [[2, 2, 1, 1], [6, 5, 5, 7]] },
    { "name": "F#aug", "variations": [[1, 1, 2, 5], [6, 6, 7, 9]] },
    { "name": "F#sus2", "variations": [[1, 1, 4, 1], [6, 3, 7, 6]] },
    { "name": "F#sus4", "variations": [[1, 1, 4, 4], [6, 6, 7, 9]] },
    { "name": "F#5", "variations": [[1, 1, 4, 1], [6, 6, 9, 9]] },
    { "name": "F#6", "variations": [[1, 1, 2, 2], [6, 6, 7, 7]] },
    { "name": "F#maj9", "variations": [[1, 3, 2, 3], [6, 6, 8, 8]] },
    { "name": "F#maj13", "variations": [[1, 3, 2, 2], [6, 8, 7, 7]] },
    { "name": "F#11", "variations": [[1, 1, 4, 2], [6, 6, 7, 7]] },

    { "name": "G", "variations": [[0, 0, 0, 3], [7, 7, 7, 10]] },
    { "name": "Gm", "variations": [[0, 3, 3, 2], [7, 7, 6, 10]] },
    { "name": "G7", "variations": [[0, 0, 0, 1], [7, 7, 7, 8]] },
    { "name": "Gmaj7", "variations": [[0, 0, 0, 3], [7, 7, 7, 9]] },
    { "name": "Gm7", "variations": [[0, 3, 3, 1], [7, 7, 6, 8]] },
    { "name": "Gm6", "variations": [[0, 3, 2, 2], [7, 6, 6, 10]] },
    { "name": "Gm9", "variations": [[0, 3, 5, 3], [7, 7, 6, 8]] },
    { "name": "Gdim", "variations": [[0, 3, 2, 1], [7, 6, 6, 9]] },
    { "name": "Gaug", "variations": [[0, 0, 0, 4], [7, 7, 7, 11]] },
    { "name": "Gsus2", "variations": [[0, 0, 2, 2], [7, 4, 7, 10]] },
    { "name": "Gsus4", "variations": [[0, 0, 1, 3], [7, 7, 7, 12]] },
    { "name": "G5", "variations": [[0, 0, 3, 0], [7, 7, 10, 10]] },
    { "name": "G6", "variations": [[0, 0, 0, 0], [7, 7, 7, 7]] },
    { "name": "Gmaj9", "variations": [[0, 2, 0, 2], [7, 7, 9, 9]] },
    { "name": "Gmaj13", "variations": [[0, 2, 0, 0], [7, 9, 7, 7]] },
    { "name": "G11", "variations": [[0, 3, 3, 1], [7, 7, 7, 8]] },

    { "name": "Ab", "variations": [[1, 1, 1, 4], [8, 8, 8, 11]] },
    { "name": "Abm", "variations": [[1, 4, 4, 3], [8, 8, 7, 11]] },
    { "name": "Ab7", "variations": [[1, 1, 1, 2], [8, 8, 8, 9]] },
    { "name": "Abmaj7", "variations": [[1, 1, 1, 4], [8, 8, 8, 10]] },
    { "name": "Abm7", "variations": [[1, 4, 4, 2], [8, 8, 7, 9]] },
    { "name": "Abm6", "variations": [[1, 4, 3, 3], [8, 7, 7, 11]] },
    { "name": "Abm9", "variations": [[1, 4, 6, 4], [8, 8, 7, 9]] },
    { "name": "Abdim", "variations": [[1, 4, 3, 2], [8, 7, 7, 10]] },
    { "name": "Abaug", "variations": [[1, 1, 1, 5], [8, 8, 8, 12]] },
    { "name": "Absus2", "variations": [[1, 1, 3, 3], [8, 5, 8, 11]] },
    { "name": "Absus4", "variations": [[1, 1, 2, 3], [8, 8, 8, 13]] },
    { "name": "Ab5", "variations": [[1, 1, 4, 1], [8, 8, 11, 11]] },
    { "name": "Ab6", "variations": [[1, 1, 1, 1], [8, 8, 8, 8]] },
    { "name": "Abmaj9", "variations": [[1, 3, 1, 3], [8, 8, 10, 10]] },
    { "name": "Abmaj13", "variations": [[1, 3, 1, 1], [8, 10, 8, 8]] },
    { "name": "Ab11", "variations": [[1, 4, 4, 2], [8, 8, 8, 9]] }, 
    { "name": "A", "variations": [[2, 2, 2, 0], [7, 7, 7, 9]] },
    { "name": "Am", "variations": [[2, 2, 1, 0], [7, 7, 6, 9]] },
    { "name": "A7", "variations": [[2, 2, 2, 3], [7, 7, 7, 8]] },
    { "name": "Amaj7", "variations": [[2, 2, 2, 4], [7, 7, 7, 9]] },
    { "name": "Am7", "variations": [[2, 2, 1, 3], [7, 7, 6, 8]] },
    { "name": "Am6", "variations": [[2, 2, 0, 0], [7, 6, 6, 9]] },
    { "name": "Am9", "variations": [[2, 2, 4, 3], [7, 7, 6, 8]] },
    { "name": "Adim", "variations": [[2, 2, 1, 1], [7, 6, 6, 8]] },
    { "name": "Aaug", "variations": [[2, 2, 2, 5], [7, 7, 7, 10]] },
    { "name": "Asus2", "variations": [[2, 2, 0, 0], [7, 4, 7, 9]] },
    { "name": "Asus4", "variations": [[2, 2, 3, 0], [7, 7, 7, 10]] },
    { "name": "A5", "variations": [[2, 2, 5, 2], [7, 7, 10, 10]] },
    { "name": "A6", "variations": [[2, 2, 2, 2], [7, 7, 7, 7]] },
    { "name": "Amaj9", "variations": [[2, 4, 2, 4], [7, 7, 9, 9]] },
    { "name": "Amaj13", "variations": [[2, 4, 2, 2], [7, 9, 7, 7]] },
    { "name": "A11", "variations": [[2, 2, 4, 3], [7, 7, 7, 8]] },

    { "name": "Bb", "variations": [[3, 3, 3, 1], [8, 8, 8, 10]] },
    { "name": "Bbm", "variations": [[3, 3, 2, 1], [8, 8, 7, 10]] },
    { "name": "Bb7", "variations": [[3, 3, 3, 4], [8, 8, 8, 9]] },
    { "name": "Bbmaj7", "variations": [[3, 3, 3, 5], [8, 8, 8, 10]] },
    { "name": "Bbm7", "variations": [[3, 3, 2, 4], [8, 8, 7, 9]] },
    { "name": "Bbm6", "variations": [[3, 3, 1, 1], [8, 7, 7, 10]] },
    { "name": "Bbm9", "variations": [[3, 3, 5, 4], [8, 8, 7, 9]] },
    { "name": "Bbdim", "variations": [[3, 3, 2, 2], [8, 7, 7, 9]] },
    { "name": "Bbaug", "variations": [[3, 3, 3, 6], [8, 8, 8, 11]] },
    { "name": "Bbsus2", "variations": [[3, 3, 0, 1], [8, 5, 8, 10]] },
    { "name": "Bbsus4", "variations": [[3, 3, 4, 1], [8, 8, 8, 11]] },
    { "name": "Bb5", "variations": [[3, 3, 6, 3], [8, 8, 10, 10]] },
    { "name": "Bb6", "variations": [[3, 3, 3, 3], [8, 8, 8, 8]] },
    { "name": "Bbmaj9", "variations": [[3, 5, 3, 5], [8, 8, 10, 10]] },
    { "name": "Bbmaj13", "variations": [[3, 5, 3, 3], [8, 10, 8, 8]] },
    { "name": "Bb11", "variations": [[3, 3, 5, 4], [8, 8, 8, 9]] },

    { "name": "B", "variations": [[4, 4, 4, 2], [9, 9, 9, 11]] },
    { "name": "Bm", "variations": [[4, 4, 3, 2], [9, 9, 8, 11]] },
    { "name": "B7", "variations": [[4, 4, 4, 5], [9, 9, 9, 10]] },
    { "name": "Bmaj7", "variations": [[4, 4, 4, 6], [9, 9, 9, 11]] },
    { "name": "Bm7", "variations": [[4, 4, 3, 5], [9, 9, 8, 10]] },
    { "name": "Bm6", "variations": [[4, 4, 2, 2], [9, 8, 8, 11]] },
    { "name": "Bm9", "variations": [[4, 4, 6, 5], [9, 9, 8, 10]] },
    { "name": "Bdim", "variations": [[4, 4, 3, 3], [9, 8, 8, 10]] },
    { "name": "Baug", "variations": [[4, 4, 4, 7], [9, 9, 9, 12]] },
    { "name": "Bsus2", "variations": [[4, 4, 2, 2], [9, 6, 9, 11]] },
    { "name": "Bsus4", "variations": [[4, 4, 5, 2], [9, 9, 9, 12]] },
    { "name": "B5", "variations": [[4, 4, 7, 4], [9, 9, 12, 12]] },
    { "name": "B6", "variations": [[4, 4, 4, 4], [9, 9, 9, 9]] },
    { "name": "Bmaj9", "variations": [[4, 6, 4, 6], [9, 9, 11, 11]] },
    { "name": "Bmaj13", "variations": [[4, 6, 4, 4], [9, 11, 9, 9]] },
    { "name": "B11", "variations": [[4, 4, 6, 5], [9, 9, 9, 10]] }
]      