[
  { "name": "C", "variations": [[-1,  3,  2,  0,  1,  0],[ 3,  3,  2,  0,  1,  0],[ 3,  3,  5,  5,  5,  3],[ 8,  7,  5,  5,  5, -1],[-1, -1,  5,  5,  5,  8],[ 8, 10, 10,  9,  8,  8]]}, 
  { "name": "C5", "variations": [[-1,  3,  5,  5, -1, -1],[-1, -1,  5,  5,  8,  8],[ 8, 10, 10, -1, -1, -1]]}, 
  { "name": "C6", "variations": [[ 3, -1,  2,  2,  1, -1],[-1,  3,  5,  5,  5,  5],[ 8, -1,  7,  9,  8, -1],[ 8, 10, -1,  9, 10,  8]]},
  { "name": "C7", "variations": [[-1,  3,  2,  3,  1,  0],[-1,  3,  5,  3,  5,  3],[ 8, 10, -1,  9, 11, -1],[ 8, 10,  8,  9,  8,  8]]},
  { "name": "Cmaj7", "variations": [[-1,  3,  2,  0,  0,  0],[-1,  3,  5,  4,  5,  3],[-1, -1, 10,  9,  8,  7]]}, 
  { "name": "C9", "variations": [[-1,  3,  2,  3,  3,  3],[ 8, -1,  8,  7,  5, -1],[ 8, 10,  8,  9,  8, 10],[-1, -1, 10,  9, 11, 10]]}, 
  { "name": "Cmaj9", "variations": [[-1,  3,  5,  4,  3,  0],[-1,  7, 10,  7,  8,  7]]}, 
  { "name": "C11", "variations": [[-1,  3,  2,  3,  1,  1],[-1,  3,  3,  3,  5,  3],[-1,  7, -1,  5,  6,  6]]}, 
  { "name": "C13", "variations": [[-1,  1,  2,  2,  1, -1],[ 8, -1,  8,  7,  5,  5],[-1, -1,  8,  9, 10,  7],[ 8, -1,  8,  9, 10, -1]]}, 
  { "name": "Cmaj13", "variations": [[-1,  3, -1,  4,  5,  5],[ 8,  7,  7,  7,  8,  7]]}, 
  { "name": "Cm", "variations": [[-1,  3,  1,  0,  1, -1],[-1,  3,  5,  5,  4,  3],[-1,  6,  5,  5,  4, -1],[-1, -1,  5,  8,  8,  8],[-1,  6,  5,  5,  8, -1],[ 8, 10, 10,  8,  8,  8]]}, 
  { "name": "Cm6", "variations": [[-1,  0,  1,  0,  1,  3],[-1,  3, -1,  2,  4,  3],[ 8, -1,  7,  8,  8, -1],[ 8, 10, 10,  8, 10,  8]]}, 
  { "name": "Cm7", "variations": [[-1, -1,  1,  3,  1,  3],[-1,  3,  5,  3,  4,  3],[ 8, -1,  8,  8,  8, -1]]}, 
  { "name": "Cm9", "variations": [[-1,  3,  1,  3,  3, -1],[-1,  6,  8,  7,  8,  8]]}, 
  { "name": "Cm11", "variations": [[-1,  3,  3,  3,  4,  3],[ 8, -1,  8,  8,  6, -1]]}, 
  { "name": "Cm13", "variations": [[-1,  3, -1,  3,  4,  5],[ 8, 10,  8,  8, 10,  8]]}, 
  { "name": "Cm(maj7)", "variations": [[-1,  3,  5,  4,  4,  3],[ 8, -1,  9,  8,  8, -1]]}, 
  { "name": "Csus2", "variations": [[-1,  3,  0,  0,  1,  3],[-1,  3,  5,  7, -1, -1],[-1,  5,  5,  5,  8,  8],[-1, -1, 10,  7,  8, 10]]}, 
  { "name": "Csus4", "variations": [[-1,  3,  3,  0,  1, -1],[-1,  3,  5,  5,  6,  3],[ 8, 10, 10, 10,  8,  8]]}, 
  { "name": "Cdim", "variations": [[-1, -1,  1,  2,  1,  2],[-1,  3, -1,  2,  4,  2]]}, 
  { "name": "Caug", "variations": [[-1,  3,  2,  1,  1, -1],[-1,  3, -1,  5,  5,  4],[-1, -1,  6,  5,  5,  8],[-1, -1, 10,  9,  9,  8]]}, 
  { "name": "C6/9", "variations": [[-1,  3,  2,  2,  3,  3],[ 8, -1,  5,  7,  5,  5],[-1,  7,  7,  7,  8,  8],[-1, 10, 10,  9, 10, 10]]}, 
  { "name": "C7sus4", "variations": [[ 3, -1,  3,  3,  1, -1],[-1,  3,  5,  3,  6,  3]]}, 
  { "name": "C7b5", "variations": [[-1,  3,  4,  3,  5, -1],[ 8, -1,  8,  9,  7, -1]]}, 
  { "name": "C7b9", "variations": [[-1,  3,  2,  3,  2,  0],[-1,  5,  4,  5,  4,  5],[ 8,  7, -1,  6,  8,  6],[ 8, 10, 11,  9,  8,  8],[ 8, 10,  8,  9,  8,  9],[-1, -1, 10,  9, 11,  9]]}, 
  { "name": "C9sus4", "variations": [[-1,  3, -1,  3,  3,  1],[-1,  3,  3,  3,  3,  3],[ 8, -1,  8,  7,  6, -1],[-1, 10, 10, 10, 11, 10]]}, 
  { "name": "Cadd9", "variations": [[-1,  3,  2,  0,  3,  3],[-1,  3,  5,  7,  5,  3],[-1,  5,  5,  5,  5, -1],[-1,  7, -1,  7,  8,  8]]}, 
  { "name": "Caug9", "variations": [[ 0,  1,  0,  1,  1,  0],[ 8,  7,  8,  7,  9, -1]]}, 
  { "name": "C#", "variations": [[-1,  4,  3,  1,  2,  1],[-1,  4,  6,  6,  6,  4],[ 9,  8,  6,  6,  6, -1],[-1, -1,  6,  6,  6,  9],[ 9, 11, 11, 10,  9,  9]]}, 
  { "name": "C#5", "variations": [[-1, -1, -1,  1,  2,  4],[-1,  4,  6,  6, -1, -1],[-1, -1,  6,  6,  9,  9],[ 9, 11, 11, -1, -1, -1]]}, 
  { "name": "C#6", "variations": [[-1, -1,  3,  3,  2,  4],[-1,  4,  6,  6,  6,  6],[ 9, -1,  8, 10,  9, -1]]}, 
  { "name": "C#7", "variations": [[-1,  4,  3,  4,  2, -1],[-1,  4,  6,  4,  6,  4],[-1,  4,  6,  6,  6,  7],[ 9, 11,  9, 10,  9,  9]]}, 
  { "name": "C#maj7", "variations": [[-1,  4,  3,  1,  1,  1],[-1,  4,  6,  5,  6,  4],[-1, -1, 11, 10,  9,  8],[ 9, -1, 10, 10,  9, -1]]}, 
  { "name": "C#9", "variations": [[-1,  4,  3,  4,  4,  4],[ 9, -1,  9,  8,  6, -1],[ 9,  8,  9,  8, -1, -1],[ 9, 11,  9, 10,  9, 11]]}, 
  { "name": "C#maj9", "variations": [[-1,  4,  1,  1,  1,  1],[ 9, -1, 10, 10, -1, 11]]}, 
  { "name": "C#11", "variations": [[-1,  4,  3,  4,  2,  2],[-1,  4,  4,  4,  6,  4],[ 9, -1,  9, 10,  7, -1],[-1,  9,  9, 10,  9,  9]]}, 
  { "name": "C#13", "variations": [[-1,  4,  3,  4,  4,  6],[ 9, -1,  9,  8,  6,  6],[-1, -1,  9, 10, 11,  9],[ 9, -1,  9, 10, 11, -1]]}, 
  { "name": "C#maj13", "variations": [[-1,  4, -1,  5,  6,  6],[ 9,  8,  8,  8,  9,  8]]}, 
  { "name": "C#m", "variations": [[-1,  4,  6,  6,  5,  4],[-1, -1,  2,  1,  2,  0],[-1,  7,  6,  6,  9, -1],[ 9, 11, 11,  9,  9,  9]]}, 
  { "name": "C#m6", "variations": [[-1,  4, -1,  3,  5,  4],[-1,  4,  2,  3,  2,  4],[ 9, -1,  8,  9,  9, -1],[ 9, 11, 11,  9, 11,  9]]}, 
  { "name": "C#m7", "variations": [[-1,  4,  2,  1,  0,  0],[-1,  4, -1,  4,  5,  4],[ 9, -1,  9,  9,  9, -1]]}, 
  { "name": "C#m9", "variations": [[-1,  4,  2,  4,  4, -1],[ 9, -1,  9,  9,  9, 11]]}, 
  { "name": "C#m11", "variations": [[-1,  4,  1,  4,  4,  1],[-1,  4,  4,  4,  5,  4]]}, 
  { "name": "C#m13", "variations": [[-1,  1, -1,  1,  2,  3],[ 9, 11,  9,  9, 11,  9]]}, 
  { "name": "C#m(maj7)", "variations": [[-1,  4,  6,  5,  5,  4],[ 9, 11, 10,  9,  9,  9]]}, 
  { "name": "C#sus2", "variations": [[-1, -1,  1,  1,  2, -1],[-1,  4,  6,  6,  4,  4],[-1,  6,  6,  6,  9,  9],[ 9, -1, -1,  8, 10, -1]]}, 
  { "name": "C#sus4", "variations": [[-1,  4,  6,  6,  7, -1],[-1, -1,  6,  6,  4,  7],[-1,  4,  6,  6,  7,  4],[ 9, 11, 11, 11,  9,  9]]}, 
  { "name": "C#dim", "variations": [[-1, -1,  2,  3,  2,  3],[ 9, -1,  8,  9,  8, -1]]}, 
  { "name": "C#aug", "variations": [[-1,  4,  3,  2,  2, -1],[-1,  4, -1,  6,  6,  5],[-1, -1,  7,  6,  6,  9],[-1, -1, 11, 10, 10,  9]]}, 
  { "name": "C#6/9", "variations": [[-1,  1,  1,  1,  2,  1],[ 9, -1,  6,  8,  6,  6],[ 9,  8,  8,  8,  9,  9],[-1, 11, 11, 10, 11, 11]]}, 
  { "name": "C#7sus4", "variations": [[ 4, -1,  4,  4,  2, -1],[-1,  4,  6,  4,  7,  4]]}, 
  { "name": "C#7b5", "variations": [[ 3, -1,  3,  4,  2, -1],[ 9, -1,  9, 10,  8, -1]]}, 
  { "name": "C#7b9", "variations": [[-1,  4, -1,  4,  3,  1],[-1,  4,  3,  4,  3,  4],[-1,  4,  3,  4,  3, -1],[ 9,  8, -1,  7,  9,  7],[ 9, 11, 12, 10,  9,  9],[ 9, 11,  9, 10,  9, 10]]}, 
  { "name": "C#9sus4", "variations": [[-1,  4, -1,  4,  4,  2],[-1,  4,  4,  4,  4,  4],[ 9, -1,  9,  8,  7, -1],[-1, 11, 11, 11, 12, 11]]}, 
  { "name": "C#add9", "variations": [[-1,  4,  3,  1,  4, -1],[-1,  4,  6,  8,  6, -1],[-1,  6,  6,  6,  6, -1],[-1,  8, -1,  8,  9,  9]]}, 
  { "name": "C#aug9", "variations": [[-1,  4,  3,  4,  4,  5],[ 9,  8,  9,  8, 10, -1]]},
  { "name": "D", "variations": [[-1, -1,  0,  2,  3,  2],[-1, -1,  4,  2,  4,  5],[-1,  5,  4,  2,  3,  2],[-1,  5,  7,  7,  7,  5],[10,  9,  7,  7,  7, -1],[-1, -1,  7,  7,  7, 10]]}, 
  { "name": "D5", "variations": [[-1, -1,  0,  2,  3, -1],[-1,  5,  7,  7, -1, -1],[-1, -1,  7,  7, 10, 10]]}, 
  { "name": "D6", "variations": [[-1, -1,  0,  2,  0,  2],[-1,  5,  7,  7,  7,  7],[10, -1,  9, 11, 10, -1]]}, 
  { "name": "D7", "variations": [[-1, -1,  0,  2,  1,  2],[-1,  5,  4,  5,  3, -1],[-1, -1,  4,  5,  3,  5],[-1,  5,  7,  7,  7,  8],[-1,  5,  7,  5,  7,  5]]}, 
  { "name": "Dmaj7", "variations": [[-1,  5,  4,  2,  2,  2],[-1,  5,  7,  6,  7,  5],[-1, -1,  7,  7,  7,  9]]}, 
  { "name": "D9", "variations": [[-1,  5,  4,  2,  1,  0],[-1,  5,  4,  5,  5,  5],[10, -1, 10,  9,  7, -1]]}, 
  { "name": "Dmaj9", "variations": [[-1,  5,  2,  2,  2,  2],[10, -1, 11, 11, -1, 12]]}, 
  { "name": "D11", "variations": [[-1, -1,  0,  0,  1,  2],[-1,  5,  4,  5,  3,  3],[-1,  5,  5,  5,  7,  5],[-1,  9, -1,  7,  8,  8]]}, 
  { "name": "D13", "variations": [[-1,  3,  4,  4,  3, -1],[-1,  5, -1,  5,  7,  7],[-1, -1, 10,  7,  7,  7]]}, 
  { "name": "Dmaj13", "variations": [[-1,  5, -1,  6,  7,  7],[10,  9,  9,  9, 10,  9]]}, 
  { "name": "Dm", "variations": [[-1, -1,  0,  2,  3,  1],[-1,  5,  3,  2,  3, -1],[-1,  5,  7,  7,  6,  5],[-1,  8,  7,  7,  6, -1],[-1,  8,  7,  7, 10, -1],[-1, -1,  7, 10, 10, 10]]}, 
  { "name": "Dm6", "variations": [[-1, -1,  0,  2,  0,  1],[-1,  5,  3,  4,  3,  5],[-1,  5,  7, -1,  6,  8],[10, -1,  9, 10, 10, -1]]}, 
  { "name": "Dm7", "variations": [[-1, -1,  0,  2,  1,  1],[-1,  5,  7,  5,  6,  5],[-1, -1,  7,  7,  6,  8],[10, -1, 10, 10, 10, -1]]}, 
  { "name": "Dm9", "variations": [[-1,  5,  3,  5,  5, -1],[10, -1, 10, 10, 10, 12]]}, 
  { "name": "Dm11", "variations": [[-1, -1,  0,  0,  1,  1],[-1,  5,  5,  5,  6,  5]]}, 
  { "name": "Dm13", "variations": [[-1, -1,  0,  4,  1,  1],[10, 12, 10, 10, 12, 10]]}, 
  { "name": "Dm(maj7)", "variations": [[-1, -1,  0,  2,  2,  1],[-1,  5,  7,  6,  6,  5]]}, 
  { "name": "Dsus2", "variations": [[-1, -1,  0,  2,  3,  0],[-1,  5,  7,  7,  5,  5],[-1,  7,  7,  9, 10, 10]]}, 
  { "name": "Dsus4", "variations": [[-1, -1,  0,  2,  3,  3],[-1,  5,  7,  7,  8,  5],[-1, -1,  7,  7,  8, 10]]}, 
  { "name": "Ddim", "variations": [[-1, -1,  0,  1,  0,  1],[-1,  5, -1,  4,  6,  4]]}, 
  { "name": "Daug", "variations": [[-1, -1,  0,  3,  3,  2],[-1,  5,  4,  3,  3, -1],[-1,  5, -1,  7,  7,  6],[-1, -1,  8,  7,  7, 10]]}, 
  { "name": "D6/9", "variations": [[-1,  5,  4,  2,  0,  0],[-1,  5,  4,  4,  5,  5],[10, -1,  7,  9,  7,  7],[-1,  9,  9,  9, 10, 10]]}, 
  { "name": "D7sus4", "variations": [[-1, -1,  0,  2,  1,  3],[10, 12, 10, 12, 13, 10]]}, 
  { "name": "D7b5", "variations": [[-1, -1,  0,  1,  1,  2],[-1,  5,  6,  5,  7, -1]]}, 
  { "name": "D7b9", "variations": [[-1, -1,  0,  5,  4,  2],[-1,  5,  4,  5,  4,  5],[-1,  5,  4,  5,  4, -1],[10,  9, -1,  8, 10,  8]]}, 
  { "name": "D9sus4", "variations": [[-1,  5, -1,  5,  5,  3],[-1,  5,  5,  5,  5,  5],[10, -1, 10,  9,  8, -1]]}, 
  { "name": "Dadd9", "variations": [[-1, -1,  4,  2,  3,  0],[ 5, -1,  4,  7,  5, -1],[-1,  7,  7,  7,  7, -1],[-1,  9, -1,  9, 10, 10]]}, 
  { "name": "Daug9", "variations": [[ 2,  3,  2,  3,  3,  2],[10,  9, 10,  9, 11, -1]]},
  { "name": "Eb", "variations": [[-1, -1,  1,  3,  4,  3],[-1,  6,  5,  3,  4,  3],[-1, -1,  5,  3,  4,  6],[-1,  6,  8,  8,  8,  6],[-1, -1,  8,  8,  8, 11]]}, 
  { "name": "Eb5", "variations": [[-1, -1,  1,  3,  4, -1],[-1,  6,  8,  8, -1, -1],[-1, -1,  8,  8, 11, 11]]}, 
  { "name": "Eb6", "variations": [[-1, -1,  1,  3,  1,  3],[-1,  6,  8,  8,  8,  8],[-1, 10, 10,  8, 11, -1],[11, -1, 10, 12, 11, -1]]}, 
  { "name": "Eb7", "variations": [[-1, -1,  1,  3,  2,  3],[-1,  4, -1,  3,  4,  3],[-1,  6,  8,  6,  8,  6],[-1,  6,  8,  8,  8,  9],[-1, 10, 11,  8, 11, -1]]}, 
  { "name": "Ebmaj7", "variations": [[-1, -1,  1,  3,  3,  3],[-1,  6,  5,  3,  3,  3],[-1,  6,  8,  7,  8,  6]]}, 
  { "name": "Eb9", "variations": [[-1, -1,  1,  0,  2,  1],[-1,  6,  5,  6,  6,  6],[-1, -1, 10,  9,  8, 10]]}, 
  { "name": "Ebmaj9", "variations": [[-1, -1,  1,  0,  3,  1],[-1,  6,  3,  3,  3,  3]]}, 
  { "name": "Eb11", "variations": [[-1, -1,  1,  1,  2,  3],[ 4,  4,  5,  6,  4,  4],[-1,  6,  5,  6,  4,  4],[-1,  6,  6,  6,  8,  6]]}, 
  { "name": "Eb13", "variations": [[-1,  4,  5,  5,  4, -1],[-1,  6,  5,  6,  6,  8],[-1, -1, 11,  8,  8,  8]]}, 
  { "name": "Ebmaj13", "variations": [[-1,  2,  1,  3,  4,  4],[11, 10, 10, 10, 11, 10]]}, 
  { "name": "Ebm", "variations": [[ 2, -1,  1,  3,  4, -1],[-1,  1,  4,  3,  4, -1],[-1,  6,  4,  3,  4, -1],[-1,  6,  8,  8,  7,  6],[-1,  9,  8,  8,  7, -1],[-1, -1,  8, 11, 11, 11]]}, 
  { "name": "Ebm6", "variations": [[-1, -1,  1,  3,  1,  2],[-1,  3,  4,  3,  4, -1],[-1,  6, -1,  5,  7,  6],[11, -1, 10, 11, 11, -1]]}, 
  { "name": "Ebm7", "variations": [[-1, -1,  1,  3,  2,  2],[-1,  4,  4,  3,  4, -1],[-1,  6,  8,  6,  7,  6],[11, -1, 11, 11, 11, -1]]}, 
  { "name": "Ebm9", "variations": [[ 2, -1,  1,  3,  2,  1],[11, -1, 11, 11, 11, 13]]}, 
  { "name": "Ebm11", "variations": [[-1,  1,  1,  1,  2,  2],[11, 11, 11, 11, 11, 11]]}, 
  { "name": "Ebm13", "variations": [[-1,  6, -1,  6,  7,  8],[11, 13, 11, 11, 13, 11]]}, 
  { "name": "Ebm(maj7)", "variations": [[-1, -1,  1,  3,  3,  2],[-1,  6,  8,  7,  7,  6]]}, 
  { "name": "Ebsus2", "variations": [[-1, -1,  1,  3,  4,  1],[-1,  6,  8,  8,  6,  6],[-1,  8,  8, 10, 11, 11],[11, -1,  8, 10, 11, -1]]}, 
  { "name": "Ebsus4", "variations": [[-1, -1,  1,  3,  4,  4],[-1, -1,  8,  8,  9,  6],[-1,  6,  8,  8,  9,  6]]}, 
  { "name": "Ebdim", "variations": [[-1, -1,  1,  2,  1,  2],[-1,  6,  7,  5,  7, -1]]}, 
  { "name": "Ebaug", "variations": [[-1, -1,  1,  0,  0,  3],[-1, -1,  5,  4,  4,  3],[-1,  6,  5,  4,  4, -1],[-1,  6, -1,  8,  8,  7]]}, 
  { "name": "Eb6/9", "variations": [[-1,  3,  3,  3,  4,  3],[-1,  6,  5,  5,  6,  6],[11,  8,  8,  8,  8,  8],[11, -1,  8, 10,  8,  8]]}, 
  { "name": "Eb7sus4", "variations": [[-1, -1,  1,  1,  2, -1],[-1,  6,  8,  6,  9, -1]]}, 
  { "name": "Eb7b5", "variations": [[-1, -1,  1,  2,  2,  3],[-1,  6,  7,  6,  8, -1]]}, 
  { "name": "Eb7b9", "variations": [[-1,  6, -1,  6,  5,  3],[-1,  6,  5,  6,  5,  6],[-1,  6,  5,  6,  5, -1],[11, 10, -1,  9, 11,  9]]}, 
  { "name": "Eb9sus4", "variations": [[-1, -1,  1,  1,  2,  1],[-1,  6, -1,  6,  6,  4],[-1,  6,  6,  6,  6,  6],[11, -1, 11, 10,  9, -1]]}, 
  { "name": "Ebadd9", "variations": [[-1, -1,  3,  3,  4,  3],[-1,  6,  5,  3,  6, -1],[-1,  8,  8,  8,  8, -1],[-1, 10, -1, 10, 11, 11]]}, 
  { "name": "Ebaug9", "variations": [[ 3,  4,  3,  4,  4,  3],[11, 10, 11, 10, 12, -1]]},
  { "name": "E", "variations": [[ 0,  2,  2,  1,  0,  0],[ 0,  2,  2,  4,  5,  4],[-1,  7,  6,  4,  5,  4],[-1, -1,  6,  4,  5,  7],[-1,  7,  9,  9,  9,  7]]}, 
  { "name": "E5", "variations": [[ 0,  2,  2, -1, -1, -1],[-1, -1,  2,  4,  5, -1],[-1,  7,  9,  9, -1, -1]]}, 
  { "name": "E6", "variations": [[-1, -1,  2,  4,  2,  4],[ 0,  2,  2,  1,  2,  0],[-1,  7,  9,  9,  9,  9]]}, 
  { "name": "E7", "variations": [[ 0,  2,  0,  1,  0,  0],[ 0,  2,  2,  1,  3,  0],[ 4, -1,  2,  4,  3, -1],[-1,  7,  6,  7,  5, -1],[-1,  7,  9,  7,  9,  7],[-1,  7,  9,  9,  9, 10]]}, 
  { "name": "Emaj7", "variations": [[ 0,  2,  1,  1,  0,  0],[-1,  7,  6,  4,  4,  4],[-1, -1,  9,  9,  9, 11]]}, 
  { "name": "E9", "variations": [[ 4, -1,  2,  4,  3,  2],[ 0,  2,  0,  1,  0,  2],[-1,  7,  6,  7,  7,  7]]}, 
  { "name": "Emaj9", "variations": [[ 0,  2,  4,  4,  4,  4],[-1,  7,  4,  4,  4,  4]]}, 
  { "name": "E11", "variations": [[ 0,  0,  2,  1,  3,  2],[-1, -1,  2,  2,  3,  4],[-1,  7,  6,  7,  5,  5],[-1,  7,  7,  7,  9,  7]]}, 
  { "name": "E13", "variations": [[ 0,  2,  0,  1,  2,  2],[-1,  5,  6,  6,  5, -1],[-1,  7, -1,  7,  9,  9]]}, 
  { "name": "Emaj13", "variations": [[ 0,  2,  1,  1,  2,  2],[12, 11, 11, 11, 12, 11]]}, 
  { "name": "Em", "variations": [[ 0,  2,  2,  0,  0,  0],[-1, -1,  2,  4,  5,  3],[-1, -1,  5,  4,  5,  3],[-1,  7,  5,  4,  5, -1],[-1,  7,  9,  9,  8,  7],[-1, 10,  9,  9,  8, -1]]}, 
  { "name": "Em6", "variations": [[ 0,  2,  2,  0,  2,  0],[-1,  7,  5,  6,  5,  7],[-1,  7, -1,  6,  8,  7],[12, -1, 11, 12, 12, -1]]}, 
  { "name": "Em7", "variations": [[ 0,  2,  0,  0,  0,  0],[ 0,  2,  2,  0,  3,  0],[-1,  7,  9,  7,  8,  7],[-1,  7, -1,  7,  8,  7]]}, 
  { "name": "Em9", "variations": [[ 0,  2,  0,  0,  0,  2],[-1,  7,  5,  7,  7, -1]]}, 
  { "name": "Em11", "variations": [[ 0,  0,  0,  0,  0,  0],[-1,  7,  7,  7,  8,  7]]}, 
  { "name": "Em13", "variations": [[ 0,  2,  0,  0,  2,  2],[-1,  7, -1,  7,  8,  9]]}, 
  { "name": "Em(maj7)", "variations": [[ 0,  2,  1,  0,  0,  0],[-1,  7,  5,  4,  4, -1]]}, 
  { "name": "Esus2", "variations": [[-1, -1,  2,  4,  5,  2],[-1, -1,  4,  4,  5,  7],[-1,  7,  9,  9,  7,  7]]}, 
  { "name": "Esus4", "variations": [[ 0,  2,  2,  2,  0,  0],[-1, -1,  2,  4,  5,  5],[-1,  7,  7,  9, 10,  7],[-1,  7,  9,  9, 10, -1]]}, 
  { "name": "Edim", "variations": [[-1, -1,  2,  3,  2,  3],[12, -1, 11, 12, 11, -1]]}, 
  { "name": "Eaug", "variations": [[-1, -1,  2,  1,  1,  0],[ 4, -1, -1,  5,  5,  4],[-1,  7,  6,  5,  5, -1],[-1,  7, -1,  9,  9,  8]]}, 
  { "name": "E6/9", "variations": [[ 0,  2, -1,  1,  2,  2],[-1,  4,  4,  4,  5,  4]]}, 
  { "name": "E7sus4", "variations": [[-1,  2,  2,  2,  3, -1],[-1,  7,  9,  7, 10, -1]]}, 
  { "name": "E7b5", "variations": [[-1, -1,  2,  3,  3,  4],[-1,  7,  8,  7,  9, -1]]}, 
  { "name": "E7b9", "variations": [[ 0,  2,  3,  1,  3, -1],[-1,  7,  6,  7,  6,  7],[-1,  7,  6,  7,  6, -1]]}, 
  { "name": "E9sus4", "variations": [[-1,  2,  2,  2,  3,  2],[-1,  7, -1,  7,  7,  5],[-1,  7,  7,  7,  7,  7]]}, 
  { "name": "Eadd9", "variations": [[-1, -1,  4,  4,  5,  4],[ 0,  2,  2,  1,  0,  2],[ 7, -1,  6,  9,  7, -1],[-1,  9,  9,  9,  9, -1]]}, 
  { "name": "Eaug9", "variations": [[ 0,  3,  0,  1,  1,  2],[-1,  7,  6,  7,  7,  8]]},
  { "name": "F", "variations": [[ 1,  3,  3,  2,  1,  1],[ 5, -1,  3,  5,  6, -1],[-1,  8,  7,  5,  6,  5],[ 8, -1,  7,  5,  6, -1],[-1, -1,  7,  5,  6,  8],[-1,  8, 10, 10, 10,  8]]}, 
  { "name": "F5", "variations": [[ 1,  3,  3, -1, -1, -1],[-1, -1,  3,  5,  6, -1],[-1,  8, 10, 10, -1, -1]]}, 
  { "name": "F6", "variations": [[ 1,  3, -1,  2,  3, -1],[-1, -1,  3,  5,  3,  5],[-1,  8, 10,  7, 10, -1]]}, 
  { "name": "F7", "variations": [[ 1,  3,  1,  2,  1,  1],[ 1,  3, -1,  2,  4, -1],[-1, -1,  3,  5,  4,  5],[-1,  8,  7,  8,  6, -1],[-1,  8, 10,  8, 10,  8],[-1,  8, 10, 10, 10, 11]]}, 
  { "name": "Fmaj7", "variations": [[ 1, -1,  2,  2,  1, -1],[-1, -1,  3,  5,  5,  5],[-1,  8,  7,  5,  5,  5],[-1,  8, 10,  9, 10,  8]]}, 
  { "name": "F9", "variations": [[ 1,  3,  1,  2,  1,  3],[-1,  8,  7,  8,  8,  8]]}, 
  { "name": "Fmaj9", "variations": [[ 1,  0,  2,  0,  1, -1],[-1,  8,  5,  5,  5,  5]]}, 
  { "name": "F11", "variations": [[ 1,  1,  1,  2,  1,  3],[-1, -1,  3,  3,  4,  5],[ 6,  6,  7,  8,  6,  6],[-1,  8,  7,  8,  6,  6]]}, 
  { "name": "F13", "variations": [[ 1,  3,  1,  2,  3,  1],[-1,  8,  7,  8,  8, 10]]}, 
  { "name": "Fmaj13", "variations": [[ 1, -1,  2,  2,  3, -1]]}, 
  { "name": "Fm", "variations": [[ 1,  3,  3,  1,  1,  1],[-1, -1,  3,  5,  6,  4],[-1, -1,  6,  5,  6,  4],[-1,  8,  6,  5,  6, -1],[-1,  8, 10, 10,  9,  8],[-1, 11, 10, 10,  9, -1]]}, 
  { "name": "Fm6", "variations": [[-1, -1,  0,  1,  1,  1],[-1, -1,  3,  5,  3,  4],[-1,  8, -1,  7,  9,  8]]}, 
  { "name": "Fm7", "variations": [[ 1,  3,  3,  1,  4,  1],[-1,  8,  6,  5,  4, -1],[-1, -1,  6,  8,  6,  8],[-1,  8, 10,  8,  9,  8]]}, 
  { "name": "Fm9", "variations": [[ 1, -1,  1,  1,  1,  3],[-1,  8,  6,  8,  8, -1]]}, 
  { "name": "Fm11", "variations": [[ 1,  1,  1,  1,  1,  1],[-1,  8,  6,  8,  8,  6]]}, 
  { "name": "Fm13", "variations": [[ 1,  3,  1,  1,  3,  1],[-1,  8,  6,  8,  8, 10]]}, 
  { "name": "Fm(maj7)", "variations": [[ 1,  3,  2,  1,  1,  1],[-1,  8,  6,  5,  5, -1]]}, 
  { "name": "Fsus2", "variations": [[-1, -1,  3,  0,  1,  1],[-1, -1,  3,  5,  6,  3],[-1,  8,  5,  5,  6, -1],[-1,  8, 10, 10,  8,  8]]}, 
  { "name": "Fsus4", "variations": [[ 1,  3,  3,  3,  1,  1],[-1, -1,  3,  5,  6,  6],[-1,  8,  8, 10, 11,  8],[-1, -1, 10, 10, 11, 13]]}, 
  { "name": "Fdim", "variations": [[-1, -1,  3,  4,  3,  4],[-1,  8,  9,  7,  9, -1]]}, 
  { "name": "Faug", "variations": [[-1, -1,  3,  2,  2,  1],[-1,  4, -1,  6,  6,  5],[-1,  8,  7,  6,  6, -1],[ 9, -1, 11, 10, 10, -1]]}, 
  { "name": "F6/9", "variations": [[ 1,  3, -1,  2,  3,  3],[-1,  5,  5,  5,  6,  5],[13, 10, 10, 10, 10, 10]]}, 
  { "name": "F7sus4", "variations": [[ 1,  3,  1,  3,  1,  1],[-1,  8, 10,  8, 11, -1]]}, 
  { "name": "F7b5", "variations": [[ 1, -1,  1,  2,  0, -1],[-1,  8,  9,  8, 10, -1]]}, 
  { "name": "F7b9", "variations": [[ 1,  3,  4,  2,  1,  1],[ 1,  3,  1,  2,  1,  2],[-1, -1,  3,  2,  4,  2],[-1,  8,  7,  8,  7,  8],[-1,  8,  7,  8,  7, -1]]}, 
  { "name": "F9sus4", "variations": [[-1,  3,  3,  3,  4,  3],[-1,  8, -1,  8,  8,  6],[-1,  8,  8,  8,  8,  8]]}, 
  { "name": "Fadd9", "variations": [[-1, -1,  3,  2,  1,  3],[-1, -1,  5,  5,  6,  5],[ 8, -1,  7, 10,  8, -1],[-1, 10, 10, 10, 10, -1]]}, 
  { "name": "Faug9", "variations": [[ 1, -1,  1,  2,  2,  3],[-1,  8,  7,  8,  8,  9]]},
  { "name": "F#", "variations": [[ 2,  4,  4,  3,  2,  2],[ 6, -1,  4,  6,  7, -1],[-1, -1,  4,  6,  7,  6],[ 9, -1,  8,  6,  7, -1],[-1,  9,  8,  6,  7,  6],[-1,  9, 11, 11, 11,  9]]}, 
  { "name": "F#5", "variations": [[ 2,  4,  4, -1, -1, -1],[-1, -1,  4,  6,  7, -1],[-1,  9, 11, 11, -1, -1]]}, 
  { "name": "F#6", "variations": [[ 2,  4, -1,  3,  4, -1],[ 2, -1,  1,  3,  2, -1],[-1,  9, 11,  8, 11, -1],[-1,  9, 11, 11, 11, 11]]}, 
  { "name": "F#7", "variations": [[-1, -1,  4,  3,  2,  0],[ 2,  4,  2,  3,  2,  2],[ 2,  4, -1,  3,  5, -1],[-1, -1,  4,  6,  5,  6],[-1,  9, 11, 11, 11, 12],[-1,  9, 11,  9, 11,  9]]}, 
  { "name": "F#maj7", "variations": [[-1, -1,  4,  3,  2,  1],[ 2, -1,  3,  3,  2, -1],[-1,  9,  8,  6,  6,  6],[-1,  9, 11, 10, 11,  9]]}, 
  { "name": "F#9", "variations": [[-1, -1,  4,  3,  5,  4],[-1,  1,  2,  1,  2,  2],[-1,  9,  8,  9,  9,  9]]}, 
  { "name": "F#maj9", "variations": [[ 2, -1,  3,  3, -1,  4],[-1,  9,  6,  6,  6,  6]]}, 
  { "name": "F#11", "variations": [[ 2,  2,  2,  3,  2,  4],[-1, -1,  4,  4,  5,  6],[ 7,  7,  8,  9,  7,  7],[-1,  9,  8,  9,  7,  7]]}, 
  { "name": "F#13", "variations": [[-1, -1,  2,  3,  4,  2],[ 2, -1,  2,  3,  4,  4],[ 2,  4,  2,  3,  4,  2]]}, 
  { "name": "F#maj13", "variations": [[ 2,  1,  1,  1,  2,  1],[-1,  9, -1, 10, 11, 11]]}, 
  { "name": "F#m", "variations": [[ 2,  4,  4,  2,  2,  2],[-1, -1,  4,  2,  2,  5],[ 5, -1,  4,  6,  7, -1],[-1, -1,  4,  6,  7,  5],[-1,  9,  7,  6,  7, -1],[-1,  9, 11, 11, 10,  9],[-1, 12, 11, 11, 10, -1]]}, 
  { "name": "F#m6", "variations": [[ 2, -1,  1,  2,  2,  2],[-1, -1,  4,  6,  4,  5],[-1, -1,  7,  8,  7,  9],[-1, -1, 11, 11, 10, 11]]}, 
  { "name": "F#m7", "variations": [[ 2, -1,  2,  2,  2, -1],[-1, -1,  4,  6,  5,  5],[-1, -1,  7,  9,  7,  9]]}, 
  { "name": "F#m9", "variations": [[ 2,  0,  2,  1,  2, -1],[-1,  9,  7,  9,  9, -1]]}, 
  { "name": "F#m11", "variations": [[ 2,  2,  2,  2,  2,  2],[-1,  9,  9,  9, 10,  9]]}, 
  { "name": "F#m13", "variations": [[ 2,  4,  2,  2,  4,  2],[-1,  9, -1,  9, 10, 11]]}, 
  { "name": "F#m(maj7)", "variations": [[ 2,  4,  3,  2,  2,  2],[-1, -1,  4,  6,  6,  5]]}, 
  { "name": "F#sus2", "variations": [[ 2, -1, -1,  1,  2,  2],[-1, -1,  4,  6,  7,  4],[-1,  9,  6,  6,  7, -1],[-1,  9, 11, 11,  9,  9]]}, 
  { "name": "F#sus4", "variations": [[ 2,  4,  4,  4,  2,  2],[-1, -1,  4,  6,  7,  7],[-1, -1,  9,  6,  7,  9],[-1,  9,  9, 11, 12,  9]]}, 
  { "name": "F#dim", "variations": [[ 2, -1,  1,  2,  1, -1],[-1,  6,  7,  5,  7, -1]]}, 
  { "name": "F#aug", "variations": [[-1, -1,  0,  3,  3,  2],[-1,  5, -1,  7,  7,  6],[-1,  9,  8,  7,  7, -1],[10, -1, 12, 11, 11, -1]]}, 
  { "name": "F#6/9", "variations": [[ 2,  1,  1,  1,  2,  2],[-1,  4,  4,  3,  4,  4],[-1,  9,  8,  8,  9,  9]]}, 
  { "name": "F#7sus4", "variations": [[ 2,  4,  2,  4,  2,  2],[-1, -1,  4,  6,  5,  7]]}, 
  { "name": "F#7b5", "variations": [[ 2, -1,  2,  3,  1, -1],[ 8, -1,  8,  9,  7, -1]]}, 
  { "name": "F#7b9", "variations": [[ 2,  4,  5,  3,  2,  2],[ 2,  4,  2,  3,  2,  3],[-1, -1,  4,  3,  5,  3],[-1,  9,  8,  9,  8,  9]]}, 
  { "name": "F#9sus4", "variations": [[-1,  4,  4,  4,  5,  4],[-1,  9, -1,  9,  9,  7],[-1,  9,  9,  9,  9,  9]]}, 
  { "name": "F#add9", "variations": [[-1, -1,  4,  3,  2,  4],[-1, -1,  6,  6,  7,  6],[-1,  9,  8,  6,  9,  6],[-1, 11, 11, 11, 11, -1]]}, 
  { "name": "F#aug9", "variations": [[ 2, -1,  2,  3,  3,  4],[-1,  9,  8,  9,  9, 10]]},
  { "name": "G", "variations": [[ 3,  2,  0,  0,  0,  3],[ 3,  5,  5,  4,  3,  3],[ 7, -1,  5,  7,  8, -1],[-1, -1,  5,  7,  8,  7],[-1, 10,  9,  7,  8,  7],[10, -1,  9,  7,  8, -1]]}, 
  { "name": "G5", "variations": [[-1, -1,  0,  0,  3,  3],[ 3,  5,  5, -1, -1, -1],[-1, -1,  5,  7,  8, -1]]}, 
  { "name": "G6", "variations": [[ 3,  2,  0,  0,  0,  0],[-1, -1,  5,  4,  3,  0],[ 3,  5, -1,  4,  5,  3]]}, 
  { "name": "G7", "variations": [[ 3,  2,  0,  0,  0,  1],[ 3, -1,  3,  4,  3,  0],[ 3,  5,  3,  4,  3,  3],[-1, -1,  5,  7,  6,  7],[ 7, -1,  5,  7,  6, -1]]}, 
  { "name": "Gmaj7", "variations": [[ 3,  2,  0,  0,  0,  2],[-1, -1,  5,  4,  3,  2],[-1, -1,  5,  7,  7,  7]]}, 
  { "name": "G9", "variations": [[ 3, -1,  0,  2,  0,  1],[ 3, -1,  3,  2,  0,  3],[ 3,  5,  3,  4,  3,  5],[-1, 10,  9, 10, 10, 10]]}, 
  { "name": "Gmaj9", "variations": [[ 3, -1,  0,  2,  0,  2],[-1, 10,  7,  7,  7,  7]]}, 
  { "name": "G11", "variations": [[ 3,  2,  0,  2,  1,  1],[ 3,  3,  3,  4,  3,  5],[-1, -1,  5,  5,  6,  7],[-1, 10,  9, 10,  8,  8]]}, 
  { "name": "G13", "variations": [[-1, -1,  3,  0,  0,  0],[ 3,  5,  3,  4,  5,  3],[-1, -1,  3,  4,  5,  3]]}, 
  { "name": "Gmaj13", "variations": [[ 3,  2,  2,  2,  3,  2],[-1, 10, -1, 11, 12, 12]]}, 
  { "name": "Gm", "variations": [[ 3,  1,  0,  0,  3,  3],[ 3,  5,  5,  3,  3,  3],[-1, -1,  5,  3,  3,  6],[-1, -1,  5,  7,  8,  6],[-1, -1,  8,  7,  8,  6],[-1, 10,  8,  7,  8, -1]]}, 
  { "name": "Gm6", "variations": [[-1, -1,  2,  3,  3,  3],[ 3,  5,  5,  3,  5,  3],[-1,  7,  8,  7,  8, -1]]}, 
  { "name": "Gm7", "variations": [[-1,  1,  3,  0,  3, -1],[ 3, -1,  3,  3,  3, -1],[ 3,  5,  3,  3,  6,  3],[-1, 10, -1, 10, 11, 10]]}, 
  { "name": "Gm9", "variations": [[ 3, -1,  3,  3,  3,  5],[-1, 10,  8, 10, 10, -1]]}, 
  { "name": "Gm11", "variations": [[ 3,  3,  3,  3,  3,  3],[-1, 10, 10, 10, 11, 10]]}, 
  { "name": "Gm13", "variations": [[ 3,  5,  3,  3,  5,  3],[-1, 10, -1, 10, 11, 12]]}, 
  { "name": "Gm(maj7)", "variations": [[ 3,  5,  4,  3,  3,  3],[-1, 10,  8,  7,  7, -1]]}, 
  { "name": "Gsus2", "variations": [[ 3,  0,  0,  2,  3,  3],[-1, -1,  5,  7,  8,  5],[-1, 10,  7,  7,  8, -1]]}, 
  { "name": "Gsus4", "variations": [[ 3,  5,  5,  5,  3,  3],[-1, -1, 10,  7,  8, 10]]}, 
  { "name": "Gdim", "variations": [[ 3, -1,  2,  3,  2, -1],[-1, -1,  5,  6,  5,  6]]}, 
  { "name": "Gaug", "variations": [[ 3,  2,  1,  0,  0,  3],[ 3, -1,  5,  4,  4, -1],[-1,  6, -1,  8,  8,  7],[-1, 10,  9,  8,  8, -1]]}, 
  { "name": "G6/9", "variations": [[ 3,  2,  2,  2,  3,  3],[ 3,  5, -1,  4,  5,  5],[-1,  5,  5,  4,  5,  5],[-1,  7,  7,  7,  8,  7]]}, 
  { "name": "G7sus4", "variations": [[ 3,  5,  3,  5,  3,  3],[-1, -1,  5,  7,  6,  8]]}, 
  { "name": "G7b5", "variations": [[ 3, -1,  3,  4,  2, -1],[-1, -1,  5,  6,  6,  7]]}, 
  { "name": "G7b9", "variations": [[ 3,  2, -1,  1,  3,  1],[ 3,  5,  6,  4,  3,  3],[ 3,  5,  6,  4, -1, -1],[ 3,  5,  3,  4,  3,  4],[-1, -1,  5,  4,  6,  4],[-1, 10,  9, 10,  9, -1],[-1, 10,  9, 10,  9, 10]]}, 
  { "name": "G9sus4", "variations": [[ 3, -1,  3,  2,  1,  1],[-1, -1,  5,  5,  6,  5],[-1, 10, -1, 10, 10,  8],[-1, 10, 10, 10, 10, 10]]}, 
  { "name": "Gadd9", "variations": [[ 3,  0,  0,  2,  0,  3],[-1, -1,  5,  4,  3,  5],[-1, -1,  7,  7,  8,  7],[-1, 10,  9,  7, 10,  7]]}, 
  { "name": "Gaug9", "variations": [[ 3, -1,  3,  4,  4,  5],[-1, 10,  9, 10, 10, 11]]},
  { "name": "Ab", "variations": [[ 4,  3,  1,  1,  1, -1],[-1, -1,  1,  1,  1,  4],[ 4,  6,  6,  5,  4,  4],[ 8, -1,  6,  7,  8, -1],[-1, -1,  6,  8,  9,  8],[-1, 11, 10,  8,  9, -1],[-1, -1, 10,  8,  9, 11]]}, 
  { "name": "Ab5", "variations": [[-1, -1,  1,  1,  4,  4],[ 4,  6,  6, -1, -1, -1],[-1, -1,  6,  8,  9, -1]]}, 
  { "name": "Ab6", "variations": [[-1, -1,  1,  1,  1,  1],[ 4,  6, -1,  5,  6,  4],[-1, -1,  6,  8,  6,  8]]}, 
  { "name": "Ab7", "variations": [[-1, -1,  1,  1,  1,  2],[ 4,  6,  4,  5,  4,  4],[ 4,  6, -1,  5,  7, -1],[ 4, -1,  4,  5,  4, -1],[-1, -1,  6,  8,  7,  8]]}, 
  { "name": "Abmaj7", "variations": [[-1, -1,  1,  1,  1,  3],[-1, -1,  6,  5,  4,  3],[ 4,  6,  5,  5,  4,  4],[-1, 11, 10,  8,  8,  8]]}, 
  { "name": "Ab9", "variations": [[ 4, -1,  4,  3,  1, -1],[ 4,  6,  4,  5,  4,  6],[-1, -1,  6,  5,  7,  6],[-1, 11, 10, 11, 11, 11]]}, 
  { "name": "Abmaj9", "variations": [[ 4,  3,  5,  3,  4, -1],[-1,  3,  6,  3,  4,  3]]}, 
  { "name": "Ab11", "variations": [[-1,  3,  1,  1,  2,  2],[ 4,  4,  4,  5,  4,  6],[-1, -1,  6,  6,  7,  8],[-1, 11, 10, 11,  9,  9]]}, 
  { "name": "Ab13", "variations": [[ 4, -1,  4,  3,  1,  1],[ 4, -1,  4,  5,  6, -1],[ 4,  6,  4,  5,  6,  6]]}, 
  { "name": "Abmaj13", "variations": [[ 4,  3,  3,  3,  4,  3],[-1, 11, -1, 12, 13, 13]]}, 
  { "name": "Abm", "variations": [[-1,  2,  1,  1,  4,  4],[ 4,  6,  6,  4,  4,  4],[ 7, -1,  6,  4,  4,  4],[-1, -1,  6,  8,  9,  7],[-1, -1,  9,  8,  9,  7],[-1, 11,  9,  8,  9, -1]]}, 
  { "name": "Abm6", "variations": [[ 4, -1,  3,  4,  4, -1],[ 4,  6,  6,  4,  6,  4],[-1, -1,  6,  8,  6,  7]]}, 
  { "name": "Abm7", "variations": [[ 4, -1,  4,  4,  4, -1],[ 4,  6,  4,  4,  7,  4],[-1, 11,  9,  8,  7, -1],[-1, 11, 13, 11, 12, 11]]}, 
  { "name": "Abm9", "variations": [[-1,  2,  4,  3,  4,  4],[ 4, -1,  4,  4,  4,  6]]}, 
  { "name": "Abm11", "variations": [[ 4,  4,  4,  4,  4,  4],[-1, 11, 11, 11, 12, 11]]}, 
  { "name": "Abm13", "variations": [[ 4, -1,  4,  4,  6, -1]]}, 
  { "name": "Abm(maj7)", "variations": [[ 4,  6,  5,  4,  4,  4],[-1, -1,  6,  8,  8,  7]]}, 
  { "name": "Absus2", "variations": [[-1,  1,  1,  1,  4,  4],[-1, -1,  6,  8,  9,  6],[-1, 11,  8,  8,  9, -1]]}, 
  { "name": "Absus4", "variations": [[-1, -1,  1,  1,  2,  4],[ 4,  6,  6,  6,  4,  4],[-1, -1,  6,  8,  9,  9]]}, 
  { "name": "Abdim", "variations": [[ 4, -1,  3,  4,  3, -1],[-1, -1,  6,  7,  6,  7]]}, 
  { "name": "Abaug", "variations": [[ 0,  3,  2,  1,  1,  0],[ 4, -1,  6,  5,  5, -1],[-1, -1, 10,  9,  9,  8],[-1, 11, 10,  9,  9, -1]]}, 
  { "name": "Ab6/9", "variations": [[ 4,  3,  3,  3,  4, -1],[ 4,  6, -1,  5,  6,  6],[-1,  6,  6,  5,  6,  6],[-1, 11, 10, 10, 11, 11]]}, 
  { "name": "Ab7sus4", "variations": [[-1, -1,  1,  1,  2,  2],[ 4,  6,  4,  6,  4,  4]]}, 
  { "name": "Ab7b5", "variations": [[ 4, -1,  4,  5,  3, -1],[-1, -1,  6,  7,  7,  8]]}, 
  { "name": "Ab7b9", "variations": [[ 4,  3, -1,  2,  4,  2],[ 4,  6,  7,  5,  4,  4],[-1, 11, 10, 11, 10, 11],[-1, 11, 10, 11, 10, -1]]}, 
  { "name": "Ab9sus4", "variations": [[ 4, -1,  4,  3,  2, -1],[-1,  6,  6,  6,  7,  6],[-1, 11, -1, 11, 11,  9],[-1, 11, 11, 11, 11, 11]]}, 
  { "name": "Abadd9", "variations": [[ 4,  3,  1,  3,  1, -1],[-1, -1,  6,  5,  4,  6],[-1, -1,  8,  8,  9,  8],[-1, 11, 10,  8, 11, -1]]}, 
  { "name": "Abaug9", "variations": [[ 4,  3,  4,  3,  5, -1],[ 4, -1,  4,  5,  5,  6]] },
  { "name": "A", "variations": [[-1,  0,  2,  2,  2,  0],[ 5,  4,  2,  2,  2, -1],[ 5,  7,  7,  6,  5,  5],[ 9, -1,  7,  9, 10, -1],[-1, -1,  7,  9, 10,  9]]}, 
  { "name": "A5", "variations": [[-1,  0,  2,  2, -1, -1],[-1,  0,  2,  2,  5,  5],[ 5,  7,  7, -1, -1, -1],[-1, -1,  7,  9, 10, -1]]}, 
  { "name": "A6", "variations": [[-1,  0,  2,  2,  2,  2],[ 5, -1,  4,  6,  2, -1],[ 5,  7, -1,  6,  7,  5]]}, 
  { "name": "A7", "variations": [[-1,  0,  2,  0,  2,  0],[-1,  0,  2,  2,  2,  1],[ 5,  7,  5,  6,  5,  5],[ 5,  7, -1,  6,  8, -1],[-1, -1,  7,  9,  8,  9],[-1, 10, -1,  9, 10,  9]]}, 
  { "name": "Amaj7", "variations": [[-1,  0,  2,  1,  2,  0],[-1,  0,  2,  2,  2,  4],[-1, -1,  7,  6,  5,  4]]}, 
  { "name": "A9", "variations": [[-1,  0,  2,  4,  2,  3],[ 5,  4,  5,  4,  5, -1],[ 5,  7,  5,  6,  5,  7]]}, 
  { "name": "Amaj9", "variations": [[-1,  0,  2,  4,  2,  4],[ 5, -1,  6,  6, -1,  7]]},
  { "name": "A11", "variations": [[-1,  0,  0,  0,  2,  0],[ 5,  5,  5,  6,  5,  7],[-1, -1,  7,  7,  8,  9]]}, 
  { "name": "A13", "variations": [[-1,  0,  2,  0,  2,  2],[-1, -1,  5,  2,  2,  2],[ 5,  7,  5,  6,  7,  5]]}, 
  { "name": "Amaj13", "variations": [[-1,  0,  2,  1,  2,  2],[ 5,  4,  4,  4,  5,  4]]}, 
  { "name": "Am", "variations": [[-1,  0,  2,  2,  1,  0],[-1,  3,  2,  2,  5, -1],[ 5,  7,  7,  5,  5,  5],[-1, -1,  7,  5,  5,  8],[-1,  7, 10,  9, 10, -1],[-1, -1,  7,  9, 10,  8]]}, 
  { "name": "Am6", "variations": [[-1,  0,  2,  2,  1,  2],[ 5, -1,  4,  5,  5,  5],[-1, -1,  7,  9,  7,  8]]}, 
  { "name": "Am7", "variations": [[-1,  0,  2,  0,  1,  0],[ 5,  7,  5,  5,  8,  5],[ 5, -1,  5,  5,  5, -1]]}, 
  { "name": "Am9", "variations": [[ 5,  3,  2,  0,  0,  0],[-1,  0,  2,  4,  1,  0],[-1,  0,  5,  5,  0,  0],[ 5, -1,  5,  5,  5,  7]]}, 
  { "name": "Am11", "variations": [[-1,  0,  0,  0,  1,  0],[-1,  7,  7,  7,  8,  8]]}, 
  { "name": "Am13", "variations": [[-1,  0,  2,  0,  1,  2],[ 5,  7,  5,  5,  7,  5]]}, 
  { "name": "Am(maj7)", "variations": [[-1,  0,  2,  2,  1,  4],[ 5,  7,  6,  5,  5,  5]]}, 
  { "name": "Asus2", "variations": [[-1,  0,  2,  2,  0,  0],[ 5, -1, -1,  4,  5,  5],[-1, -1,  7,  9, 10,  7]]}, 
  { "name": "Asus4", "variations": [[-1,  0,  2,  2,  3,  0],[ 5,  7,  7,  7,  5,  5],[-1,  7,  7,  7, 10, 10]]}, 
  { "name": "Adim", "variations": [[-1,  0,  1,  2,  1,  2],[ 5, -1,  4,  5,  4, -1]]}, 
  { "name": "Aaug", "variations": [[-1,  0,  3,  2,  2,  1],[ 5, -1,  7,  6,  6, -1],[-1, -1, 11, 10, 10,  9]]}, 
  { "name": "A6/9", "variations": [[-1,  0,  4,  4,  2,  0],[ 5,  2,  2,  2,  2,  2],[ 5,  7, -1,  6,  7,  7],[-1,  9,  9,  9, 10,  9]]}, 
  { "name": "A7sus4", "variations": [[-1,  0,  2,  0,  3,  0],[ 5,  7,  5,  7,  5,  5]]}, 
  { "name": "A7b5", "variations": [[-1,  0,  1,  2,  2,  3],[-1,  6,  7,  6,  8, -1]]}, 
  { "name": "A7b9", "variations": [[ 5,  4, -1,  3,  5,  3],[ 5,  7,  8,  6,  5,  5],[ 5,  7,  5,  6,  5,  6]]}, 
  { "name": "A9sus4", "variations": [[ 5, -1,  5,  4,  3, -1],[-1, -1,  7,  7,  8,  7]]}, 
  { "name": "Aadd9", "variations": [[-1,  0,  2,  4,  2,  0],[-1, -1,  7,  6,  5,  7],[-1, -1,  9,  9, 10,  9]]}, 
  { "name": "Aaug9", "variations": [[ 5, -1,  5,  6,  6,  7],[-1, 10,  9, 10, 10, 11]]},
  { "name": "Bb", "variations": [[-1,  1,  3,  3,  3,  1],[ 6,  5,  3,  3,  3, -1],[-1, -1,  3,  3,  3,  6],[ 6,  8,  8,  7,  6,  6],[10, -1,  8, 10, 11, -1],[-1, -1,  8, 10, 11, 10]]}, 
  { "name": "Bb5", "variations": [[-1,  1,  3,  3, -1, -1],[-1, -1,  3,  3,  6,  6],[ 6,  8,  8, -1, -1, -1],[-1, -1,  8, 10, 11, -1]]}, 
  { "name": "Bb6", "variations": [[-1,  1,  3,  3,  3,  3],[ 6,  5,  3,  3,  3,  3],[ 6, -1,  5,  7,  6, -1],[ 6,  8, -1,  7,  8,  6]]}, 
  { "name": "Bb7", "variations": [[-1,  1,  3,  1,  3,  1],[ 4, -1,  3,  3,  3, -1],[-1,  1,  3,  3,  3,  4],[ 6,  8,  6,  7,  6,  6],[ 6,  8, -1,  7,  9, -1],[-1, -1,  8, 10,  9, 10]]}, 
  { "name": "Bbmaj7", "variations": [[-1,  1,  3,  2,  3,  1],[-1, -1,  8,  7,  6,  5],[ 6, -1,  7,  7,  6, -1],[-1, -1,  8, 10, 10, 10]]}, 
  { "name": "Bb9", "variations": [[-1,  1,  0,  1,  1,  1],[ 6, -1,  6,  5,  3, -1],[ 6,  8,  6,  7,  6,  8],[10, -1,  8, 10,  9,  8]]}, 
  { "name": "Bbmaj9", "variations": [[-1,  1,  0,  2,  1,  1],[ 6, -1,  7,  7, -1,  8]]}, 
  { "name": "Bb11", "variations": [[-1,  1,  1,  1,  3,  1],[ 6,  6,  6,  7,  6,  8],[-1, -1,  8,  8,  9, 10],[10, -1, -1, 10,  9, 11]]}, 
  { "name": "Bb13", "variations": [[-1,  1, -1,  1,  3,  3],[ 6,  8,  6,  7,  8,  6],[ 6, -1,  6,  7,  8,  8]]}, 
  { "name": "Bbmaj13", "variations": [[-1,  1, -1,  2,  3,  3],[ 6, -1,  7,  7,  8,  8]]}, 
  { "name": "Bbm", "variations": [[-1,  1,  3,  3,  2,  1],[-1, -1,  3,  6,  6,  6],[-1,  4,  3,  3,  6, -1],[ 6,  8,  8,  6,  6,  6],[-1, -1,  8,  6,  6,  9],[-1, -1,  8, 10, 11,  9],[-1, 13, 11, 10, 11, -1]]}, 
  { "name": "Bbm6", "variations": [[-1,  1,  3,  0,  2, -1],[ 6, -1,  5,  6,  6, -1],[ 6,  8,  8,  6,  8,  6]]}, 
  { "name": "Bbm7", "variations": [[-1,  1,  3,  1,  2,  1],[ 6,  8,  6,  6,  9,  6],[ 6, -1,  6,  6,  6, -1],[-1, -1,  8, 10,  9,  9]]}, 
  { "name": "Bbm9", "variations": [[ 6, -1,  6,  6,  6,  8],[-1, 13, 11, 13, 13, -1]]}, 
  { "name": "Bbm11", "variations": [[-1,  1,  1,  1,  2,  1],[-1,  8,  8,  8,  9,  9]]}, 
  { "name": "Bbm13", "variations": [[-1,  1, -1,  1,  2,  3],[ 6,  8,  6,  6,  8,  6]]}, 
  { "name": "Bbm(maj7)", "variations": [[-1,  1,  3,  2,  2,  1],[-1, -1,  8, 10, 10,  9]]}, 
  { "name": "Bbsus2", "variations": [[-1,  1,  3,  3,  1,  1],[ 6, -1, -1,  5,  6,  6],[-1, -1,  8, 10, 11,  8],[-1, 13, 10, 10, 11, -1]]}, 
  { "name": "Bbsus4", "variations": [[-1,  1,  1,  3,  4,  1],[ 6,  8,  8,  8,  6,  6],[-1,  8,  8,  8, 11, 11]]}, 
  { "name": "Bbdim", "variations": [[ 6, -1,  5,  6,  5, -1],[ 6,  7,  8,  6,  8,  6]]}, 
  { "name": "Bbaug", "variations": [[-1,  1,  0,  3,  3,  2],[ 6, -1,  8,  7,  7, -1],[-1, -1,  8,  7,  7,  6],[-1, -1,  8,  7,  7, 10]]}, 
  { "name": "Bb6/9", "variations": [[-1,  1,  0,  0,  1,  1],[ 6,  3,  3,  3,  3,  3],[-1,  5,  5,  5,  6,  6],[-1, 10, 10, 10, 11, 10]]}, 
  { "name": "Bb7sus4", "variations": [[-1,  1,  3,  1,  4,  1],[-1, -1,  8, 10,  9, 11]]}, 
  { "name": "Bb7b5", "variations": [[-1,  1,  0,  1,  3,  0],[-1, -1,  8,  9,  9, 10]]}, 
  { "name": "Bb7b9", "variations": [[-1,  1,  0,  1,  0,  1],[ 6,  5, -1,  4,  6,  4],[ 6,  8,  9,  7,  6,  6],[ 6,  8,  9,  7, -1, -1],[ 6,  8,  6,  7,  6,  7]]}, 
  { "name": "Bb9sus4", "variations": [[-1,  1,  1,  1,  1,  1],[ 6, -1,  6,  5,  4, -1],[ 6,  8,  6,  8,  6,  8]]}, 
  { "name": "Bbadd9", "variations": [[-1,  1,  1,  1,  1, -1],[-1,  1,  3,  5,  3,  1],[-1, -1,  8,  7,  6,  8],[-1, -1, 10, 10, 11, 10]]}, 
  { "name": "Bbaug9", "variations": [[-1,  1,  0,  1,  1,  2],[ 6, -1,  6,  7,  7,  8]]},
  { "name": "B", "variations": [[-1,  2,  4,  4,  4,  2],[ 7,  6,  4,  4,  4, -1],[-1, -1,  4,  4,  4,  7],[ 7,  9,  9,  8,  7,  7]]}, 
  { "name": "B5", "variations": [[-1,  2,  4,  4, -1, -1],[-1, -1,  4,  4,  7,  7],[ 7,  9,  9, -1, -1, -1]]}, 
  { "name": "B6", "variations": [[ 2,  2,  1,  1,  0, -1],[-1,  2,  4,  4,  4,  4],[ 7, -1,  6,  8,  7, -1],[ 7,  9, -1,  8,  9,  7]]}, 
  { "name": "B7", "variations": [[-1,  2,  1,  2,  0,  2],[-1,  2,  4,  4,  4,  5],[-1,  2,  4,  2,  4,  2],[ 7,  9,  7,  8,  7,  7],[ 7,  9,  7,  8, 10,  7],[-1, -1,  9, 11, 10, 11]]}, 
  { "name": "Bmaj7", "variations": [[ 2,  2,  1,  3,  0, -1],[-1,  2,  4,  3,  4,  2],[-1, -1,  9,  8,  7,  6],[ 7, -1,  8,  8,  7, -1]]}, 
  { "name": "B9", "variations": [[-1,  2,  1,  2,  2,  2],[ 7, -1,  7,  6,  4, -1],[ 7,  6,  7,  6, -1, -1],[ 7,  9,  7,  8,  7,  9]]}, 
  { "name": "Bmaj9", "variations": [[-1,  2,  1,  3,  2,  2],[ 7, -1,  8,  8, -1,  9]]}, 
  { "name": "B11", "variations": [[-1,  2,  1,  2,  2,  0],[-1,  1,  1,  1,  3,  1],[ 7,  7,  7,  8,  7,  9],[-1, -1,  9,  9, 10, 11]]}, 
  { "name": "B13", "variations": [[-1,  2,  1,  2,  2,  4],[-1,  2, -1,  2,  4,  4],[ 7, -1,  7,  8,  9, -1]]}, 
  { "name": "Bmaj13", "variations": [[-1,  2, -1,  3,  4,  4],[ 7, -1,  8,  8,  9, -1]]}, 
  { "name": "Bm", "variations": [[-1,  2,  4,  4,  3,  2],[-1,  5,  4,  4,  3, -1],[-1,  5,  4,  4,  7, -1],[ 7,  9,  9,  7,  7,  7]]}, 
  { "name": "Bm6", "variations": [[-1,  2, -1,  1,  3,  2],[-1,  2,  4, -1,  3,  4],[ 7, -1,  6,  7,  7,  7],[ 7,  9,  9,  7,  9,  7]]}, 
  { "name": "Bm7", "variations": [[-1,  2,  0,  2,  0,  2],[-1,  2,  4,  2,  3,  2],[ 7, -1,  7,  7,  7, -1],[ 7,  9,  7,  7, 10,  7]]}, 
  { "name": "Bm9", "variations": [[-1,  2,  0,  2,  2,  2],[ 7, -1,  7,  7,  7, 10]]}, 
  { "name": "Bm11", "variations": [[-1,  2,  2,  2,  3,  2],[ 7,  7,  7,  7,  7,  7]]}, 
  { "name": "Bm13", "variations": [[-1,  2, -1,  2,  3,  4],[ 7,  9,  7,  7,  9,  7]]}, 
  { "name": "Bm(maj7)", "variations": [[-1,  2, -1,  3,  3,  2],[ 7,  9,  8,  7,  7,  7]]}, 
  { "name": "Bsus2", "variations": [[-1,  2,  4,  4,  2,  2],[ 7, -1, -1,  6,  7,  7]]}, 
  { "name": "Bsus4", "variations": [[-1,  2,  4,  4,  5,  2],[ 7,  9,  9,  9,  7,  7],[-1, -1,  9,  9,  7,  7]]}, 
  { "name": "Bdim", "variations": [[-1,  2,  3,  1,  3, -1],[ 7,  8,  9,  7,  9,  7]]}, 
  { "name": "Baug", "variations": [[-1,  2,  1,  0,  0,  3],[ 7, -1,  9,  8,  8, -1],[-1, -1,  9,  8,  8,  7],[-1, -1,  9,  8,  8, 11]]}, 
  { "name": "B6/9", "variations": [[-1,  2,  1,  1,  2,  2],[ 7,  4,  4,  4,  4,  4],[ 7,  6,  6,  6,  7, -1],[ 7,  9, -1,  8,  9,  9]]}, 
  { "name": "B7sus4", "variations": [[-1,  2,  4,  2,  5,  2],[ 7,  9,  7,  9,  7,  7]]}, 
  { "name": "B7b5", "variations": [[-1,  2,  3,  2,  4, -1],[ 7,  8,  7,  8, -1, -1]]}, 
  { "name": "B7b9", "variations": [[-1,  2,  1,  2,  1,  2],[ 7,  6, -1,  5,  7,  5],[ 7,  9, 10,  8,  7,  7],[ 7,  9,  7,  8,  7,  8]]}, 
  { "name": "B9sus4", "variations": [[-1,  2,  2,  2,  2,  2],[ 7, -1,  7,  6,  5, -1],[-1,  9,  9,  9, 10,  9]]}, 
  { "name": "Badd9", "variations": [[-1,  4,  4,  4,  4, -1],[-1,  2,  4,  6,  4,  2],[-1, -1,  9,  8,  7,  9]]}, 
  { "name": "Baug9", "variations": [[-1,  2,  1,  2,  2,  3],[ 7, -1,  7,  8,  8,  9]]}
   ]
