[
    { "name": "C", "variations": [[0, 2, 3, 0], [5, 4, 3, 3]] },
    { "name": "Cm", "variations": [[3, 3, 3, 3], [8, 7, 6, 6]] },
    { "name": "C7", "variations": [[0, 0, 3, 3], [5, 4, 3, 6]] },
    { "name": "Cmaj7", "variations": [[0, 0, 0, 2], [5, 4, 3, 2]] },
    { "name": "Cm7", "variations": [[3, 3, 3, 6], [8, 7, 6, 6]] },
    { "name": "Cm6", "variations": [[2, 3, 3, 3], [7, 7, 6, 6]] },
    { "name": "Cm9", "variations": [[3, 3, 5, 3], [8, 7, 6, 8]] },
    { "name": "Cdim", "variations": [[3, 2, 3, 2], [6, 7, 6, 7]] },
    { "name": "Caug", "variations": [[1, 0, 0, 3], [5, 4, 4, 3]] },
    { "name": "Csus2", "variations": [[0, 0, 0, 1], [5, 2, 3, 3]] },
    { "name": "Csus4", "variations": [[0, 0, 1, 3], [5, 5, 3, 3]] },
    { "name": "C5", "variations": [[0, 0, 3, 3], [5, 5, 3, 3]] },
    { "name": "C6", "variations": [[2, 2, 3, 3], [5, 4, 3, 5]] },
    { "name": "Cmaj9", "variations": [[0, 0, 0, 0], [5, 4, 5, 5]] },
    { "name": "Cmaj13", "variations": [[0, 2, 0, 0], [5, 7, 5, 7]] },
    { "name": "C11", "variations": [[0, 0, 1, 1], [5, 5, 3, 5]] },
    { "name": "C#", "variations": [[1, 1, 1, 4], [6, 5, 4, 4]] },
    { "name": "C#m", "variations": [[4, 4, 4, 4], [9, 8, 7, 7]] },
    { "name": "C#7", "variations": [[1, 1, 4, 4], [6, 5, 4, 7]] },
    { "name": "C#maj7", "variations": [[1, 1, 1, 3], [6, 5, 4, 3]] },
    { "name": "C#m7", "variations": [[4, 4, 4, 7], [9, 8, 7, 7]] },
    { "name": "C#m6", "variations": [[3, 4, 4, 4], [8, 8, 7, 7]] },
    { "name": "C#m9", "variations": [[4, 4, 6, 4], [9, 8, 7, 9]] },
    { "name": "C#dim", "variations": [[4, 3, 4, 3], [7, 8, 7, 8]] },
    { "name": "C#aug", "variations": [[2, 1, 1, 4], [6, 5, 5, 4]] },
    { "name": "C#sus2", "variations": [[1, 1, 1, 2], [6, 3, 4, 4]] },
    { "name": "C#sus4", "variations": [[1, 1, 2, 4], [6, 6, 4, 4]] },
    { "name": "C#5", "variations": [[1, 1, 4, 4], [6, 6, 4, 4]] },
    { "name": "C#6", "variations": [[3, 3, 4, 4], [6, 5, 4, 6]] },
    { "name": "C#maj9", "variations": [[1, 1, 1, 1], [6, 5, 6, 6]] },
    { "name": "C#maj13", "variations": [[1, 3, 1, 1], [6, 8, 6, 8]] },
    { "name": "C#11", "variations": [[1, 1, 2, 2], [6, 6, 4, 6]] },
    { "name": "D", "variations": [[0, 0, 0, 2], [7, 6, 5, 5]] },
    { "name": "Dm", "variations": [[5, 5, 5, 5], [10, 9, 8, 8]] },
    { "name": "D7", "variations": [[2, 2, 5, 5], [7, 6, 5, 8]] },
    { "name": "Dmaj7", "variations": [[2, 2, 2, 4], [7, 6, 5, 4]] },
    { "name": "Dm7", "variations": [[5, 5, 5, 8], [10, 9, 8, 8]] },
    { "name": "Dm6", "variations": [[4, 5, 5, 5], [9, 9, 8, 8]] },
    { "name": "Dm9", "variations": [[5, 5, 7, 5], [10, 9, 8, 10]] },
    { "name": "Ddim", "variations": [[5, 4, 5, 4], [8, 9, 8, 9]] },
    { "name": "Daug", "variations": [[3, 2, 2, 5], [7, 6, 6, 5]] },
    { "name": "Dsus2", "variations": [[2, 2, 2, 3], [7, 4, 5, 5]] },
    { "name": "Dsus4", "variations": [[2, 2, 3, 5], [7, 7, 5, 5]] },
    { "name": "D5", "variations": [[2, 2, 5, 5], [7, 7, 5, 5]] },
    { "name": "D6", "variations": [[4, 4, 5, 5], [7, 6, 5, 7]] },
    { "name": "Dmaj9", "variations": [[2, 2, 2, 2], [7, 6, 7, 7]] },
    { "name": "Dmaj13", "variations": [[2, 4, 2, 2], [7, 9, 7, 9]] },
    { "name": "D11", "variations": [[2, 2, 3, 3], [7, 7, 5, 7]] },
    { "name": "Eb", "variations": [[3, 3, 3, 6], [8, 7, 6, 6]] },
    { "name": "Ebm", "variations": [[6, 6, 6, 6], [11, 10, 9, 9]] },
    { "name": "Eb7", "variations": [[3, 3, 6, 6], [8, 7, 6, 9]] },
    { "name": "Ebmaj7", "variations": [[3, 3, 3, 5], [8, 7, 6, 5]] },
    { "name": "Ebm7", "variations": [[6, 6, 6, 9], [11, 10, 9, 9]] },
    { "name": "Ebm6", "variations": [[5, 6, 6, 6], [10, 10, 9, 9]] },
    { "name": "Ebm9", "variations": [[6, 6, 8, 6], [11, 10, 9, 11]] },
    { "name": "Ebdim", "variations": [[6, 5, 6, 5], [9, 10, 9, 10]] },
    { "name": "Ebaug", "variations": [[4, 3, 3, 6], [8, 7, 7, 6]] },
    { "name": "Ebsus2", "variations": [[3, 3, 3, 4], [8, 5, 6, 6]] },
    { "name": "Ebsus4", "variations": [[3, 3, 4, 6], [8, 8, 6, 6]] },
    { "name": "Eb5", "variations": [[3, 3, 6, 6], [8, 8, 6, 6]] },
    { "name": "Eb6", "variations": [[5, 5, 6, 6], [8, 7, 6, 8]] },
    { "name": "Ebmaj9", "variations": [[3, 3, 3, 3], [8, 7, 8, 8]] },
    { "name": "Ebmaj13", "variations": [[3, 5, 3, 3], [8, 10, 8, 10]] },
    { "name": "Eb11", "variations": [[3, 3, 4, 4], [8, 8, 6, 8]] },
    { "name": "E", "variations": [[4, 4, 4, 7], [9, 8, 7, 7]] },
    { "name": "Em", "variations": [[7, 7, 7, 7], [12, 11, 10, 10]] },
    { "name": "E7", "variations": [[4, 4, 7, 7], [9, 8, 7, 10]] },
    { "name": "Emaj7", "variations": [[4, 4, 4, 6], [9, 8, 7, 6]] },
    { "name": "Em7", "variations": [[7, 7, 7, 10], [12, 11, 10, 10]] },
    { "name": "Em6", "variations": [[6, 7, 7, 7], [11, 11, 10, 10]] },
    { "name": "Em9", "variations": [[7, 7, 9, 7], [12, 11, 10, 12]] },
    { "name": "Edim", "variations": [[7, 6, 7, 6], [10, 11, 10, 11]] },
    { "name": "Eaug", "variations": [[5, 4, 4, 7], [9, 8, 8, 7]] },
    { "name": "Esus2", "variations": [[4, 4, 4, 5], [9, 6, 7, 7]] },
    { "name": "Esus4", "variations": [[4, 4, 5, 7], [9, 9, 7, 7]] },
    { "name": "E5", "variations": [[4, 4, 7, 7], [9, 9, 7, 7]] },
    { "name": "E6", "variations": [[6, 6, 7, 7], [9, 8, 7, 9]] },
    { "name": "Emaj9", "variations": [[4, 4, 4, 4], [9, 8, 9, 9]] },
    { "name": "Emaj13", "variations": [[4, 6, 4, 4], [9, 11, 9, 11]] },
    { "name": "E11", "variations": [[4, 4, 5, 5], [9, 9, 7, 9]] },
    { "name": "F", "variations": [[5, 5, 5, 8], [10, 9, 8, 8]] },
    { "name": "Fm", "variations": [[8, 8, 8, 8], [13, 12, 11, 11]] },
    { "name": "F7", "variations": [[5, 5, 8, 8], [10, 9, 8, 11]] },
    { "name": "Fmaj7", "variations": [[5, 5, 5, 7], [10, 9, 8, 7]] },
    { "name": "Fm7", "variations": [[8, 8, 8, 11], [13, 12, 11, 11]] },
    { "name": "Fm6", "variations": [[7, 8, 8, 8], [12, 12, 11, 11]] },
    { "name": "Fm9", "variations": [[8, 8, 10, 8], [13, 12, 11, 13]] },
    { "name": "Fdim", "variations": [[8, 7, 8, 7], [11, 12, 11, 12]] },
    { "name": "Faug", "variations": [[6, 5, 5, 8], [10, 9, 9, 8]] },
    { "name": "Fsus2", "variations": [[5, 5, 5, 6], [10, 7, 8, 8]] },
    { "name": "Fsus4", "variations": [[5, 5, 6, 8], [10, 10, 8, 8]] },
    { "name": "F5", "variations": [[5, 5, 8, 8], [10, 10, 8, 8]] },
    { "name": "F6", "variations": [[7, 7, 8, 8], [10, 9, 8, 10]] },
    { "name": "Fmaj9", "variations": [[5, 5, 5, 5], [10, 9, 10, 10]] },
    { "name": "Fmaj13", "variations": [[5, 7, 5, 5], [10, 12, 10, 12]] },
    { "name": "F11", "variations": [[5, 5, 6, 6], [10, 10, 8, 10]] },
    { "name": "F#", "variations": [[6, 6, 6, 9], [11, 10, 9, 9]] },
    { "name": "F#m", "variations": [[9, 9, 9, 9], [14, 13, 12, 12]] },
    { "name": "F#7", "variations": [[6, 6, 9, 9], [11, 10, 9, 12]] },
    { "name": "F#maj7", "variations": [[6, 6, 6, 8], [11, 10, 9, 8]] },
    { "name": "F#m7", "variations": [[9, 9, 9, 12], [14, 13, 12, 12]] },
    { "name": "F#m6", "variations": [[8, 9, 9, 9], [13, 13, 12, 12]] },
    { "name": "F#m9", "variations": [[9, 9, 11, 9], [14, 13, 12, 14]] },
    { "name": "F#dim", "variations": [[9, 8, 9, 8], [12, 13, 12, 13]] },
    { "name": "F#aug", "variations": [[7, 6, 6, 9], [11, 10, 10, 9]] },
    { "name": "F#sus2", "variations": [[6, 6, 6, 7], [11, 8, 9, 9]] },
    { "name": "F#sus4", "variations": [[6, 6, 7, 9], [11, 11, 9, 9]] },
    { "name": "F#5", "variations": [[6, 6, 9, 9], [11, 11, 9, 9]] },
    { "name": "F#6", "variations": [[8, 8, 9, 9], [11, 10, 9, 11]] },
    { "name": "F#maj9", "variations": [[6, 6, 6, 6], [11, 10, 11, 11]] },
    { "name": "F#maj13", "variations": [[6, 8, 6, 6], [11, 13, 11, 13]] },
    { "name": "F#11", "variations": [[6, 6, 7, 7], [11, 11, 9, 11]] },
    { "name": "G", "variations": [[0, 0, 2, 3], [12, 11, 10, 10]] },
    { "name": "Gm", "variations": [[10, 10, 10, 10], [15, 14, 13, 13]] },
    { "name": "G7", "variations": [[7, 7, 10, 10], [12, 11, 10, 13]] },
    { "name": "Gmaj7", "variations": [[7, 7, 7, 9], [12, 11, 10, 9]] },
    { "name": "Gm7", "variations": [[10, 10, 10, 13], [15, 14, 13, 13]] },
    { "name": "Gm6", "variations": [[9, 10, 10, 10], [14, 14, 13, 13]] },
    { "name": "Gm9", "variations": [[10, 10, 12, 10], [15, 14, 13, 15]] },
    { "name": "Gdim", "variations": [[10, 9, 10, 9], [13, 14, 13, 14]] },
    { "name": "Gaug", "variations": [[8, 7, 7, 10], [12, 11, 11, 10]] },
    { "name": "Gsus2", "variations": [[7, 7, 7, 8], [12, 9, 10, 10]] },
    { "name": "Gsus4", "variations": [[7, 7, 8, 10], [12, 12, 10, 10]] },
    { "name": "G5", "variations": [[7, 7, 10, 10], [12, 12, 10, 10]] },
    { "name": "G6", "variations": [[9, 9, 10, 10], [12, 11, 10, 12]] },
    { "name": "Gmaj9", "variations": [[7, 7, 7, 7], [12, 11, 12, 12]] },
    { "name": "Gmaj13", "variations": [[7, 9, 7, 7], [12, 14, 12, 14]] },
    { "name": "G11", "variations": [[7, 7, 8, 8], [12, 12, 10, 12]] },
    { "name": "Ab", "variations": [[8, 8, 8, 11], [13, 12, 11, 11]] },
    { "name": "Abm", "variations": [[11, 11, 11, 11], [16, 15, 14, 14]] },
    { "name": "Ab7", "variations": [[8, 8, 11, 11], [13, 12, 11, 14]] },
    { "name": "Abmaj7", "variations": [[8, 8, 8, 10], [13, 12, 11, 10]] },
    { "name": "Abm7", "variations": [[11, 11, 11, 14], [16, 15, 14, 14]] },
    { "name": "Abm6", "variations": [[10, 11, 11, 11], [15, 15, 14, 14]] },
    { "name": "Abm9", "variations": [[11, 11, 13, 11], [16, 15, 14, 16]] },
    { "name": "Abdim", "variations": [[11, 10, 11, 10], [14, 15, 14, 15]] },
    { "name": "Abaug", "variations": [[9, 8, 8, 11], [13, 12, 12, 11]] },
    { "name": "Absus2", "variations": [[8, 8, 8, 9], [13, 10, 11, 11]] },
    { "name": "Absus4", "variations": [[8, 8, 9, 11], [13, 13, 11, 11]] },
    { "name": "Ab5", "variations": [[8, 8, 11, 11], [13, 13, 11, 11]] },
    { "name": "Ab6", "variations": [[10, 10, 11, 11], [13, 12, 11, 13]] },
    { "name": "Abmaj9", "variations": [[8, 8, 8, 8], [13, 12, 13, 13]] },
    { "name": "Abmaj13", "variations": [[8, 10, 8, 8], [13, 15, 13, 15]] },
    { "name": "Ab11", "variations": [[8, 8, 9, 9], [13, 13, 11, 13]] },
    { "name": "A", "variations": [[9, 9, 9, 12], [14, 13, 12, 12]] },
    { "name": "Am", "variations": [[12, 12, 12, 12], [17, 16, 15, 15]] },
    { "name": "A7", "variations": [[9, 9, 12, 12], [14, 13, 12, 15]] },
    { "name": "Amaj7", "variations": [[9, 9, 9, 11], [14, 13, 12, 11]] },
    { "name": "Am7", "variations": [[12, 12, 12, 15], [17, 16, 15, 15]] },
    { "name": "Am6", "variations": [[11, 12, 12, 12], [16, 16, 15, 15]] },
    { "name": "Am9", "variations": [[12, 12, 14, 12], [17, 16, 15, 17]] },
    { "name": "Adim", "variations": [[12, 11, 12, 11], [15, 16, 15, 16]] },
    { "name": "Aaug", "variations": [[10, 9, 9, 12], [14, 13, 13, 12]] },
    { "name": "Asus2", "variations": [[9, 9, 9, 10], [14, 11, 12, 12]] },
    { "name": "Asus4", "variations": [[9, 9, 10, 12], [14, 14, 12, 12]] },
    { "name": "A5", "variations": [[9, 9, 12, 12], [14, 14, 12, 12]] },
    { "name": "A6", "variations": [[11, 11, 12, 12], [14, 13, 12, 14]] },
    { "name": "Amaj9", "variations": [[9, 9, 9, 9], [14, 13, 14, 14]] },
    { "name": "Amaj13", "variations": [[9, 11, 9, 9], [14, 16, 14, 16]] },
    { "name": "A11", "variations": [[9, 9, 10, 10], [14, 14, 12, 14]] },
    { "name": "Bb", "variations": [[10, 10, 10, 13], [15, 14, 13, 13]] },
    { "name": "Bbm", "variations": [[13, 13, 13, 13], [18, 17, 16, 16]] },
    { "name": "Bb7", "variations": [[10, 10, 13, 13], [15, 14, 13, 16]] },
    { "name": "Bbmaj7", "variations": [[10, 10, 10, 12], [15, 14, 13, 12]] },
    { "name": "Bbm7", "variations": [[13, 13, 13, 16], [18, 17, 16, 16]] },
    { "name": "Bbm6", "variations": [[12, 13, 13, 13], [17, 17, 16, 16]] },
    { "name": "Bbm9", "variations": [[13, 13, 15, 13], [18, 17, 16, 18]] },
    { "name": "Bbdim", "variations": [[13, 12, 13, 12], [16, 17, 16, 17]] },
    { "name": "Bbaug", "variations": [[11, 10, 10, 13], [15, 14, 14, 13]] },
    { "name": "Bbsus2", "variations": [[10, 10, 10, 11], [15, 12, 13, 13]] },
    { "name": "Bbsus4", "variations": [[10, 10, 11, 13], [15, 15, 13, 13]] },
    { "name": "Bb5", "variations": [[10, 10, 13, 13], [15, 15, 13, 13]] },
    { "name": "Bb6", "variations": [[12, 12, 13, 13], [15, 14, 13, 15]] },
    { "name": "Bbmaj9", "variations": [[10, 10, 10, 10], [15, 14, 15, 15]] },
    { "name": "Bbmaj13", "variations": [[10, 12, 10, 10], [15, 17, 15, 17]] },
    { "name": "Bb11", "variations": [[10, 10, 11, 11], [15, 15, 13, 15]] },      
    { "name": "B", "variations": [[11, 11, 11, 14], [16, 15, 14, 14]] },
    { "name": "Bm", "variations": [[14, 14, 14, 14], [19, 18, 17, 17]] },
    { "name": "B7", "variations": [[11, 11, 14, 14], [16, 15, 14, 17]] },
    { "name": "Bmaj7", "variations": [[11, 11, 11, 13], [16, 15, 14, 13]] },
    { "name": "Bm7", "variations": [[14, 14, 14, 17], [19, 18, 17, 17]] },
    { "name": "Bm6", "variations": [[13, 14, 14, 14], [18, 18, 17, 17]] },
    { "name": "Bm9", "variations": [[14, 14, 16, 14], [19, 18, 17, 19]] },
    { "name": "Bdim", "variations": [[14, 13, 14, 13], [17, 18, 17, 18]] },
    { "name": "Baug", "variations": [[12, 11, 11, 14], [16, 15, 15, 14]] },
    { "name": "Bsus2", "variations": [[11, 11, 11, 12], [16, 13, 14, 14]] },
    { "name": "Bsus4", "variations": [[11, 11, 12, 14], [16, 16, 14, 14]] },
    { "name": "B5", "variations": [[11, 11, 14, 14], [16, 16, 14, 14]] },
    { "name": "B6", "variations": [[13, 13, 14, 14], [16, 15, 14, 16]] },
    { "name": "Bmaj9", "variations": [[11, 11, 11, 11], [16, 15, 16, 16]] },
    { "name": "Bmaj13", "variations": [[11, 13, 11, 11], [16, 18, 16, 18]] },
    { "name": "B11", "variations": [[11, 11, 12, 12], [16, 16, 14, 16]] }
]
    