  [
  { "name": "C", "variations": [[0, 0, 0, 3], [5, 4,3, 3]] },
  { "name": "Cm", "variations": [[0, 3, 3, 3], [3, 3, 3, 0]] },
  { "name": "Cm7", "variations": [[3, 3, 3, 3], [0, 3, 1, 3]] },
  { "name": "Cm6", "variations": [[2, 3, 3, 3], [0, 3, 1, 2]] },
  { "name": "Cm9", "variations": [[0, 2, 1, 3], [0, 5, 3, 3]] },
  { "name": "Cmaj7", "variations": [[0, 0, 0, 2], [3, 4, 3, 0]] },
  { "name": "Csus2", "variations": [[0, 2, 0, 3], [3, 0, 0, 3]] },
  { "name": "Csus4", "variations": [[0, 0, 1, 3], [3, 3, 1, 3]] },
  { "name": "Cdim", "variations": [[2, 3, 2, 3], [0, 2, 1, 2]] },
  { "name": "Caug", "variations": [[1, 0, 0, 3], [3, 0, 1, 1]] },
  { "name": "C5", "variations": [[0, 0, 3, 3], [3, 0, 3, 0]] },
  { "name": "C6", "variations": [[0, 0, 0, 0], [0, 2, 0, 0]] },
  { "name": "C7", "variations": [[0, 0, 0, 1], [3, 0, 0, 1]] },
  { "name": "Cmaj9", "variations": [[0, 2, 0, 2], [3, 2, 0, 2]] },
  { "name": "Cmaj13", "variations": [[0, 2, 0, 0], [3, 2, 3, 3]] },
  { "name": "C11", "variations": [[0, 0, 1, 1], [3, 0, 1, 1]] },
  { "name": "C#", "variations": [[1, 1, 1, 4], [4, 1, 1, 1]] },
  { "name": "C#m", "variations": [[1, 0, 1, 4], [4, 1, 0, 1]] },
  { "name": "C#m7", "variations": [[1, 0, 1, 2], [4, 1, 0, 2]] },
  { "name": "C#m6", "variations": [[1, 0, 1, 1], [4, 1, 0, 0]] },
  { "name": "C#m9", "variations": [[1, 2, 1, 3], [4, 2, 1, 3]] },
  { "name": "C#maj7", "variations": [[1, 1, 1, 3], [4, 3, 1, 1]] },
  { "name": "C#sus2", "variations": [[1, 1, 1, 3], [4, 3, 1, 3]] },
  { "name": "C#sus4", "variations": [[1, 1, 2, 4], [4, 4, 2, 1]] },
  { "name": "C#dim", "variations": [[0, 1, 0, 1], [3, 4, 3, 4]] },
  { "name": "C#aug", "variations": [[2, 1, 1, 0], [4, 4, 1, 2]] },
  { "name": "C#5", "variations": [[1, 1, 4, 4], [4, 1, 4, 1]] },
  { "name": "C#6", "variations": [[1, 1, 1, 1], [4, 1, 3, 1]] },
  { "name": "C#7", "variations": [[1, 1, 1, 2], [4, 1, 1, 2]] },
  { "name": "C#maj9", "variations": [[1, 3, 1, 3], [4, 3, 1, 3]] },
  { "name": "C#maj13", "variations": [[1, 3, 1, 1], [4, 3, 3, 3]] },
  { "name": "C#11", "variations": [[1, 1, 2, 2], [4, 1, 2, 1]] },
  { "name": "D", "variations": [[2, 2, 2, 0], [0, 2, 2, 2]] },
  { "name": "Dm", "variations": [[2, 2, 1, 0], [5, 5, 5, 3]] },
  { "name": "Dm7", "variations": [[2, 2, 1, 3], [0, 2, 1, 3]] },
  { "name": "Dm6", "variations": [[0, 2, 1, 0], [2, 2, 1, 2]] },
  { "name": "Dm9", "variations": [[2, 4, 3, 5], [0, 4, 3, 3]] },
  { "name": "Dmaj7", "variations": [[2, 2, 2, 4], [0, 2, 2, 4]] },
  { "name": "Dsus2", "variations": [[2, 2, 0, 0], [0, 2, 0, 0]] },
  { "name": "Dsus4", "variations": [[0, 2, 3, 0], [3, 2, 3, 0]] },
  { "name": "Ddim", "variations": [[1, 2, 1, 2], [3, 4, 3, 4]] },
  { "name": "Daug", "variations": [[3, 2, 2, 1], [2, 2, 2, 3]] },
  { "name": "D5", "variations": [[2, 2, 0, 0], [0, 2, 0, 0]] },
  { "name": "D6", "variations": [[2, 2, 2, 2], [0, 2, 0, 2]] },
  { "name": "D7", "variations": [[2, 2, 2, 3], [0, 2, 2, 3]] },
  { "name": "Dmaj9", "variations": [[2, 4, 2, 4], [0, 2, 2, 2]] },
  { "name": "Dmaj13", "variations": [[2, 4, 2, 2], [5, 4, 4, 4]] },
  { "name": "D11", "variations": [[2, 0, 3, 0], [5, 4, 5, 3]] },
  { "name": "Eb", "variations": [[3, 3, 3, 1], [1, 3, 3, 3]] },
  { "name": "Ebm", "variations": [[3, 3, 2, 1], [6, 6, 6, 4]] },
  { "name": "Ebm7", "variations": [[3, 3, 2, 4], [1, 3, 2, 4]] },
  { "name": "Ebm6", "variations": [[1, 3, 2, 1], [3, 3, 2, 3]] },
  { "name": "Ebm9", "variations": [[3, 5, 4, 6], [1, 5, 4, 4]] },
  { "name": "Ebmaj7", "variations": [[3, 3, 3, 5], [1, 3, 3, 5]] },
  { "name": "Ebsus2", "variations": [[3, 3, 1, 1], [1, 3, 1, 1]] },
  { "name": "Ebsus4", "variations": [[1, 3, 4, 1], [4, 3, 4, 1]] },
  { "name": "Ebdim", "variations": [[2, 3, 2, 3], [4, 5, 4, 5]] },
  { "name": "Ebaug", "variations": [[4, 3, 3, 2], [3, 3, 3, 5]] },
  { "name": "Eb5", "variations": [[3, 3, 1, 1], [1, 3, 1, 1]] },
  { "name": "Eb6", "variations": [[3, 3, 3, 3], [1, 3, 3, 3]] },
  { "name": "Eb7", "variations": [[3, 3, 3, 4], [1, 3, 3, 4]] },
  { "name": "Ebmaj9", "variations": [[3, 5, 3, 5], [1, 3, 3, 3]] },
  { "name": "Ebmaj13", "variations": [[3, 5, 3, 3], [6, 5, 5, 5]] },
  { "name": "Eb11", "variations": [[3, 1, 4, 1], [6, 5, 6, 4]] },
  { "name": "E", "variations": [[4, 4, 4, 2], [2, 4, 4, 4]] },
  { "name": "Em", "variations": [[0, 4, 3, 2], [7, 7, 7, 5]] },
  { "name": "Em7", "variations": [[4, 4, 3, 5], [2, 4, 3, 5]] },
  { "name": "Em6", "variations": [[2, 4, 3, 2], [4, 4, 3, 4]] },
  { "name": "Em9", "variations": [[4, 6, 5, 7], [2, 6, 5, 5]] },
  { "name": "Emaj7", "variations": [[4, 4, 4, 6], [2, 4, 4, 6]] },
  { "name": "Esus2", "variations": [[4, 4, 2, 2], [2, 4, 2, 2]] },
  { "name": "Esus4", "variations": [[2, 4, 5, 2], [5, 4, 5, 2]] },
  { "name": "Edim", "variations": [[3, 4, 3, 4], [5, 6, 5, 6]] },
  { "name": "Eaug", "variations": [[5, 4, 4, 3], [4, 4, 4, 6]] },
  { "name": "E5", "variations": [[4, 4, 2, 2], [2, 4, 2, 2]] },
  { "name": "E6", "variations": [[4, 4, 4, 4], [2, 4, 4, 4]] },
  { "name": "E7", "variations": [[4, 4, 4, 5], [2, 4, 4, 5]] },
  { "name": "Emaj9", "variations": [[4, 6, 4, 6], [2, 4, 4, 4]] },
  { "name": "Emaj13", "variations": [[4, 6, 4, 4], [7, 6, 6, 6]] },
  { "name": "E11", "variations": [[4, 2, 5, 2], [7, 6, 7, 5]] },
  { "name": "F", "variations": [[2, 0, 1, 0],[5, 5, 5, 0]] },
  { "name": "Fm", "variations": [[1, 1, 0, 3], [3, 1, 1, 0]] },
  { "name": "Fm7", "variations": [[3, 1, 0, 3], [1, 1, 0, 1]] },
  { "name": "Fm6", "variations": [[0, 1, 0, 0], [3, 1, 0, 0]] },
  { "name": "Fm9", "variations": [[1, 3, 1, 3], [0, 3, 0, 3]] },
  { "name": "Fmaj7", "variations": [[0, 1, 0, 2], [2, 0, 1, 2]] },
  { "name": "Fsus2", "variations": [[0, 0, 0, 3], [3, 0, 0, 3]] },
  { "name": "Fsus4", "variations": [[3, 0, 1, 1], [0, 0, 1, 3]] },
  { "name": "Fdim", "variations": [[0, 1, 0, 1], [2, 3, 2, 3]] },
  { "name": "Faug", "variations": [[2, 1, 1, 0], [3, 0, 1, 1]] },
  { "name": "F5", "variations": [[3, 3, 1, 1], [1, 0, 1, 0]] },
  { "name": "F6", "variations": [[0, 0, 0, 1], [1, 1, 1, 1]] },
  { "name": "F7", "variations": [[1, 0, 0, 1], [1, 1, 1, 3]] },
  { "name": "Fmaj9", "variations": [[0, 1, 0, 1], [3, 3, 0, 2]] },
  { "name": "Fmaj13", "variations": [[0, 1, 2, 0], [3, 2, 2, 2]] },
  { "name": "F11", "variations": [[1, 3, 3, 1], [0, 1, 3, 0]] },
  { "name": "F#", "variations": [[1, 2, 1, 3], [3, 1, 2, 1]] },
  { "name": "F#m", "variations": [[2, 2, 1, 4], [4, 2, 2, 1]] },
  { "name": "F#m7", "variations": [[4, 2, 1, 4], [2, 2, 1, 2]] },
  { "name": "F#m6", "variations": [[1, 2, 1, 1], [4, 2, 1, 1]] },
  { "name": "F#m9", "variations": [[2, 4, 2, 4], [1, 4, 1, 4]] },
  { "name": "F#maj7", "variations": [[1, 2, 1, 4], [4, 3, 2, 4]] },
  { "name": "F#sus2", "variations": [[1, 1, 1, 4], [4, 3, 1, 4]] },
  { "name": "F#sus4", "variations": [[1, 1, 2, 4], [4, 4, 2, 1]] },
  { "name": "F#dim", "variations": [[1, 2, 1, 2], [3, 4, 3, 4]] },
  { "name": "F#aug", "variations": [[3, 2, 2, 1], [4, 4, 1, 2]] },
  { "name": "F#5", "variations": [[1, 1, 4, 4], [4, 1, 4, 1]] },
  { "name": "F#6", "variations": [[1, 1, 1, 1], [4, 1, 3, 1]] },
  { "name": "F#7", "variations": [[1, 1, 1, 2], [4, 1, 1, 2]] },
  { "name": "F#maj9", "variations": [[1, 3, 1, 3], [4, 3, 1, 3]] },
  { "name": "F#maj13", "variations": [[1, 3, 1, 1], [4, 3, 3, 3]] },
  { "name": "F#11", "variations": [[1, 1, 2, 2], [4, 1, 2, 1]] },
  { "name": "G", "variations": [[0, 2, 3, 2], [3, 2, 0, 0]] },
  { "name": "Gm", "variations": [[0, 2, 3, 1], [3, 3, 2, 1]] },
  { "name": "Gm7", "variations": [[0, 2, 1, 1], [3, 3, 2, 3]] },
  { "name": "Gm6", "variations": [[0, 2, 1, 0], [3, 3, 2, 0]] },
  { "name": "Gm9", "variations": [[0, 4, 1, 3], [3, 3, 1, 3]] },
  { "name": "Gmaj7", "variations": [[0, 2, 2, 2], [3, 2, 0, 2]] },
  { "name": "Gsus2", "variations": [[0, 2, 0, 2], [3, 2, 0, 3]] },
  { "name": "Gsus4", "variations": [[0, 2, 3, 3], [3, 3, 3, 0]] },
  { "name": "Gdim", "variations": [[0, 1, 0, 1], [3, 4, 3, 4]] },
  { "name": "Gaug", "variations": [[1, 0, 0, 3], [3, 2, 0, 1]] },
  { "name": "G5", "variations": [[0, 2, 3, 3], [3, 2, 0, 0]] },
  { "name": "G6", "variations": [[0, 2, 3, 0], [3, 2, 3, 3]] },
  { "name": "G7", "variations": [[0, 2, 1, 0], [3, 2, 0, 1]] },
  { "name": "Gmaj9", "variations": [[0, 2, 0, 2], [3, 2, 0, 2]] },
  { "name": "Gmaj13", "variations": [[0, 2, 2, 2], [3, 2, 2, 2]] },
  { "name": "G11", "variations": [[0, 2, 3, 0], [3, 3, 3, 0]] },
  { "name": "G#", "variations": [[3, 4, 3, 1], [1, 4, 3, 4]] },
  { "name": "G#m", "variations": [[4, 4, 3, 1], [6, 4, 4, 3]] },
  { "name": "G#m7", "variations": [[4, 4, 3, 5], [6, 4, 3, 5]] },
  { "name": "G#m6", "variations": [[3, 4, 3, 3], [6, 4, 3, 3]] },
  { "name": "G#m9", "variations": [[4, 6, 4, 6], [6, 6, 4, 6]] },
  { "name": "G#maj7", "variations": [[3, 4, 3, 5], [6, 4, 3, 5]] },
  { "name": "G#sus2", "variations": [[3, 4, 1, 1], [6, 4, 1, 1]] },
  { "name": "G#sus4", "variations": [[3, 4, 5, 1], [6, 5, 5, 1]] },
  { "name": "G#dim", "variations": [[2, 4, 2, 4], [6, 4, 3, 5]] },
  { "name": "G#aug", "variations": [[5, 4, 4, 3], [6, 6, 4, 3]] },
  { "name": "G#5", "variations": [[3, 4, 6, 6], [6, 4, 6, 6]] },
  { "name": "G#6", "variations": [[3, 4, 3, 3], [6, 4, 6, 3]] },
  { "name": "G#7", "variations": [[3, 4, 3, 4], [6, 4, 3, 4]] },
  { "name": "G#maj9", "variations": [[3, 5, 3, 5], [6, 5, 3, 5]] },
  { "name": "G#maj13", "variations": [[3, 5, 3, 3], [6, 5, 6, 6]] },
  { "name": "G#11", "variations": [[3, 1, 4, 1], [6, 5, 6, 5]] },
  { "name": "A", "variations": [[2, 1, 0, 0], [2, 2, 1, 0]] },
  { "name": "Am", "variations": [[2, 0, 0, 0], [5, 4, 5, 7]] },
  { "name": "Am7", "variations": [[0, 0, 0, 0], [2, 2, 0, 0]] },
  { "name": "Am6", "variations": [[0, 0, 1, 0], [2, 0, 1, 0]] },
  { "name": "Am9", "variations": [[2, 4, 2, 3], [0, 4, 2, 3]] },
  { "name": "Amaj7", "variations": [[1, 1, 1, 2], [2, 2, 1, 2]] },
  { "name": "Asus2", "variations": [[0, 2, 0, 2], [2, 0, 0, 0]] },
  { "name": "Asus4", "variations": [[2, 2, 3, 0], [0, 0, 3, 0]] },
  { "name": "Adim", "variations": [[1, 2, 1, 2], [3, 4, 3, 4]] },
  { "name": "Aaug", "variations": [[3, 2, 2, 1], [0, 0, 1, 1]] },
  { "name": "A5", "variations": [[2, 2, 0, 0], [0, 2, 0, 0]] },
  { "name": "A6", "variations": [[0, 0, 1, 0], [2, 2, 1, 1]] },
  { "name": "A7", "variations": [[0, 0, 1, 0], [2, 0, 0, 1]] },
  { "name": "Amaj9", "variations": [[2, 4, 2, 4], [0, 4, 2, 4]] },
  { "name": "Amaj13", "variations": [[2, 4, 2, 2], [0, 4, 2, 2]] },
  { "name": "A11", "variations": [[2, 2, 3, 0], [0, 0, 3, 0]] },
  { "name": "Bb", "variations": [[1, 1, 2, 3], [3, 1, 1, 1]] },
  { "name": "Bbm", "variations": [[1, 0, 1, 3], [3, 1, 0, 1]] },
  { "name": "Bbm7", "variations": [[1, 0, 1, 1], [3, 1, 0, 1]] },
  { "name": "Bbm6", "variations": [[0, 1, 1, 1], [3, 1, 1, 0]] },
  { "name": "Bbm9", "variations": [[1, 3, 1, 3], [3, 3, 1, 3]] },
  { "name": "Bbmaj7", "variations": [[1, 1, 2, 3], [3, 1, 2, 1]] },
  { "name": "Bbsus2", "variations": [[1, 3, 1, 1], [3, 3, 1, 1]] },
  { "name": "Bbsus4", "variations": [[1, 1, 3, 3], [3, 3, 3, 1]] },
  { "name": "Bbdim", "variations": [[0, 1, 0, 1], [2, 3, 2, 3]] },
  { "name": "Bbaug", "variations": [[2, 1, 1, 0], [3, 3, 1, 1]] },
  { "name": "Bb5", "variations": [[1, 1, 3, 3], [3, 1, 3, 3]] },
  { "name": "Bb6", "variations": [[1, 1, 1, 1], [3, 1, 3, 1]] },
  { "name": "Bb7", "variations": [[1, 1, 1, 2], [3, 1, 1, 2]] },
  { "name": "Bbmaj9", "variations": [[1, 3, 1, 3], [3, 3, 1, 3]] },
  { "name": "Bbmaj13", "variations": [[1, 3, 1, 1], [3, 3, 3, 3]] },
  { "name": "Bb11", "variations": [[1, 3, 3, 1], [3, 1, 3, 1]] },
  { "name": "B", "variations": [[2, 2, 3, 4], [4, 2, 2, 2]] },
  { "name": "Bm", "variations": [[2, 1, 2, 4], [4, 2, 1, 2]] },
  { "name": "Bm7", "variations": [[2, 1, 2, 2], [4, 2, 1, 2]] },
  { "name": "Bm6", "variations": [[1, 2, 2, 2], [4, 2, 2, 1]] },
  { "name": "Bm9", "variations": [[2, 4, 2, 4], [4, 4, 2, 4]] },
  { "name": "Bmaj7", "variations": [[2, 2, 3, 4], [4, 2, 3, 2]] },
  { "name": "Bsus2", "variations": [[2, 4, 2, 2], [4, 4, 2, 2]] },
  { "name": "Bsus4", "variations": [[2, 2, 4, 4], [4, 4, 4, 2]] },
  { "name": "Bdim", "variations": [[1, 2, 1, 2], [3, 4, 3, 4]] },
  { "name": "Baug", "variations": [[3, 2, 2, 1], [4, 4, 2, 1]] },
  { "name": "B5", "variations": [[2, 2, 4, 4], [4, 2, 4, 4]] },
  { "name": "B6", "variations": [[2, 2, 2, 2], [4, 2, 4, 2]] },
  { "name": "B7", "variations": [[2, 2, 2, 3], [4, 2, 2, 3]] },
  { "name": "Bmaj9", "variations": [[2, 4, 2, 4], [4, 4, 2, 4]] },
  { "name": "Bmaj13", "variations": [[2, 4, 2, 2], [4, 4, 4, 4]] },
  { "name": "B11", "variations": [[2, 2, 4, 2], [4, 4, 4, 2]] }
    ]